id_transacao,id_cliente,valor,data_transacao
51173186,1,184.95,2024-11-12
42325570,1,51.9,2024-10-06
69157291,2,118.47,2025-03-11
81212751,2,38.28,2025-02-16
5793030,2,52.45,2025-01-20
96451032,2,106.46,2025-04-06
6258813,2,102.54,2025-02-24
82079548,2,64.71,2025-02-04
52138470,2,34.94,2025-01-05
48531134,2,12.25,2025-04-08
510469,3,167.58,2025-03-04
50500974,3,46.93,2024-12-13
78856570,3,138.85,2024-12-19
98345234,3,88.14,2025-03-21
78605369,4,73.7,2025-04-14
54254849,5,119.87,2025-02-20
17692649,5,80.82,2025-01-05
36753851,6,49.76,2025-01-08
44183288,6,18.17,2025-03-05
72497817,6,77.96,2025-01-13
89204478,6,66.65,2025-02-27
33770541,6,193.08,2025-03-26
44090622,6,149.03,2025-03-06
22583278,6,31.14,2025-01-07
33964153,7,126.41,2025-03-11
97835714,8,167.04,2025-04-09
92749757,8,83.93,2025-04-12
26625656,9,101.75,2025-03-19
58089914,9,96.01,2024-09-04
74517590,9,22.14,2024-07-31
47386728,9,100.29,2025-01-17
35001518,9,179.3,2024-11-15
54327222,10,171.08,2024-08-03
13291363,10,24.61,2024-05-03
38130698,10,147.7,2024-12-08
14822302,10,163.8,2025-03-11
14354387,10,199.75,2024-07-27
51811145,10,116.88,2024-12-23
4122310,10,130.89,2025-02-17
53158953,11,130.44,2025-03-30
27200737,11,76.38,2025-01-24
13689343,11,17.68,2025-02-13
9468277,11,51.48,2024-12-19
3056524,11,177.48,2024-12-02
38256624,11,87.5,2024-11-27
5782527,11,39.63,2025-01-17
63006960,11,161.35,2025-03-22
86644383,11,134.58,2025-01-12
32936505,12,101.1,2024-06-08
39470062,12,13.29,2025-03-09
52993830,12,190.02,2025-01-01
6738927,12,155.09,2024-09-16
57628776,13,56.3,2025-01-25
71954109,13,47.96,2024-11-28
3184784,13,44.35,2025-04-09
10395336,13,150.75,2024-10-14
60590094,13,152.95,2024-12-05
34762980,14,19.33,2025-02-17
2051702,14,141.0,2024-09-17
81462243,14,52.71,2025-01-03
33959868,15,33.97,2025-01-11
6968943,15,143.3,2025-02-13
92612112,16,132.93,2024-04-14
42774794,16,32.06,2024-08-13
11819195,16,13.38,2024-12-19
47154784,17,26.79,2024-08-10
85843269,17,126.7,2025-02-21
23054370,17,79.74,2025-04-10
9120250,17,77.23,2025-01-13
74215426,17,22.15,2024-09-04
53225903,17,108.17,2024-04-16
71938925,17,188.32,2024-11-27
68986298,17,51.5,2024-04-13
85796479,17,54.35,2024-04-24
11777694,17,10.53,2025-03-09
98250194,18,116.67,2024-12-28
55028759,18,105.14,2025-01-30
12836262,18,44.16,2024-09-25
34180598,18,186.19,2024-12-11
55549131,18,50.84,2024-10-11
41834555,19,176.25,2024-11-20
17814079,19,89.87,2025-03-08
62987928,19,57.57,2024-11-17
98585487,19,90.69,2025-04-02
26670695,19,57.53,2024-08-09
84255455,19,146.75,2025-02-20
73513374,19,112.63,2024-08-20
4461990,19,90.91,2025-03-24
58135925,19,43.34,2024-08-17
52813282,20,80.32,2024-10-23
83424715,20,20.69,2024-09-08
61564440,20,199.67,2025-04-13
47878848,20,59.7,2025-01-13
86551262,20,172.11,2024-05-08
36430519,20,42.05,2024-06-15
65325160,20,67.86,2024-04-12
92624156,21,87.4,2023-10-26
78780627,21,143.43,2024-04-03
9989288,21,50.22,2024-03-08
59953996,21,57.58,2024-05-27
73449794,21,31.2,2024-12-29
6614639,22,65.9,2025-02-12
5672707,22,157.21,2025-03-20
26091404,22,14.96,2025-02-02
21241604,22,143.53,2025-01-02
65126425,22,39.29,2025-01-07
26491481,23,187.51,2025-01-07
43831284,23,14.76,2025-01-04
53999231,23,172.58,2024-11-28
4751934,23,12.78,2024-08-14
73358495,24,55.38,2025-02-25
94359253,24,16.91,2025-02-10
72308218,24,91.82,2024-10-13
46800722,24,16.75,2024-05-12
96911085,25,198.02,2024-12-01
97624498,25,85.8,2025-03-31
46545360,26,12.38,2025-02-08
9989510,26,29.26,2024-09-25
78405783,26,173.23,2024-10-22
68544539,26,34.23,2025-02-04
49644374,26,72.48,2024-12-10
98995079,26,197.01,2024-10-26
1569892,26,136.46,2025-01-25
59556603,27,67.37,2025-04-02
56892974,27,67.09,2025-03-29
3683897,27,116.64,2025-02-11
96144213,27,77.6,2025-01-13
59715052,27,69.63,2025-03-04
42415814,27,21.89,2025-03-12
44472709,27,51.41,2025-01-18
37442499,28,186.28,2024-10-23
31948461,28,197.67,2025-04-13
20140415,29,65.56,2025-01-05
45008123,29,192.52,2025-01-22
18679097,29,15.83,2025-01-25
87508813,29,109.67,2025-02-24
50532318,29,49.02,2025-03-03
63953564,29,16.0,2025-04-12
10189448,29,120.49,2025-01-26
80083238,29,45.33,2025-03-20
22510011,29,25.79,2025-03-30
2623319,30,87.35,2024-06-24
42418624,31,58.15,2024-06-01
97489544,31,57.88,2024-09-24
38661650,31,101.55,2025-04-02
70636133,31,122.02,2024-12-27
1036714,32,159.74,2024-11-18
57793561,32,158.2,2024-05-23
41547318,32,154.27,2025-03-03
13097650,32,86.27,2024-07-09
47715901,32,125.59,2024-08-03
26411993,32,129.24,2024-06-12
34449411,32,87.41,2024-05-22
53453635,33,147.04,2023-12-08
11507772,33,168.96,2025-03-11
47023549,33,42.07,2023-11-03
91046330,33,25.89,2025-01-20
25072294,33,137.02,2025-03-18
30529499,33,162.63,2024-04-03
83454474,33,79.43,2024-06-26
56269572,33,22.43,2025-01-22
99579749,33,63.77,2024-11-03
52430605,34,87.39,2025-04-06
14137923,34,21.5,2025-04-10
6018811,34,155.85,2025-04-13
20858306,35,111.76,2024-05-12
89828695,35,111.2,2025-04-01
90774196,35,23.09,2025-02-15
64899302,36,140.76,2025-03-25
87063788,36,31.41,2025-01-25
67936077,36,121.92,2025-01-01
25704207,36,133.61,2024-12-26
71216138,36,93.03,2025-02-06
67975576,36,47.83,2025-02-07
17351291,36,81.33,2025-02-05
92579774,36,159.75,2025-04-09
96123543,36,101.07,2025-01-20
5767508,36,67.9,2025-01-15
96708002,37,36.39,2025-01-05
57589245,37,137.29,2025-04-11
86736838,37,196.14,2024-10-06
72977209,37,134.71,2025-03-03
30952785,38,131.18,2024-02-17
58830760,38,13.33,2024-12-02
93104296,38,28.63,2024-12-03
65364340,38,49.97,2024-01-09
97308422,38,113.29,2024-04-02
15223025,38,16.84,2024-05-02
92811794,38,35.51,2025-02-25
42747187,38,34.85,2024-06-29
48209380,38,101.0,2025-02-25
34601756,39,74.78,2024-11-26
43134451,40,57.89,2025-04-01
71286476,40,102.16,2025-01-31
30131878,40,163.72,2025-02-16
31997011,40,25.93,2025-03-10
43973025,40,15.61,2025-03-27
9346422,40,191.44,2024-12-27
45866041,40,13.07,2025-04-13
33884220,40,94.94,2025-01-21
38181297,40,94.89,2025-03-14
71470597,41,14.87,2025-01-22
12807265,41,100.45,2024-11-20
89392277,41,163.83,2025-02-11
72437315,41,188.23,2024-12-12
43371574,42,26.19,2025-02-01
40312066,42,146.91,2024-07-08
12519468,43,62.86,2024-02-02
73445306,44,154.27,2024-06-26
44247483,44,65.61,2024-10-23
4464652,45,92.61,2024-08-23
91587304,45,172.39,2023-06-14
67617666,45,159.61,2023-12-23
45384329,45,121.21,2025-01-23
14286190,45,181.48,2024-07-03
7964852,45,32.84,2024-08-02
24994527,45,177.91,2025-03-10
2067061,45,84.03,2024-03-12
94200853,46,173.28,2024-11-29
67086264,46,54.8,2025-01-20
60909573,46,25.54,2025-02-26
50194846,46,132.59,2025-04-08
56844166,46,129.83,2025-04-14
66029507,46,143.2,2024-11-08
34901625,46,53.33,2025-02-13
50224288,47,166.33,2025-02-07
15429435,47,62.92,2025-01-28
14182741,47,148.65,2024-12-27
46893510,48,175.13,2024-12-17
36523593,48,129.07,2025-02-11
65832839,48,89.09,2024-11-16
60861329,49,197.03,2024-12-17
16056305,49,49.71,2025-01-07
36581807,50,82.93,2025-03-26
96271927,50,36.91,2025-04-14
71900258,50,188.66,2025-03-25
75142669,50,110.92,2025-03-08
93870065,50,128.26,2025-04-03
94495943,50,63.64,2025-04-08
60473898,50,46.7,2025-03-07
59387332,50,139.64,2025-02-27
35163792,51,132.48,2024-10-06
13232847,51,141.19,2024-12-11
84478397,51,140.69,2024-10-22
66094367,51,20.53,2025-04-04
53181445,51,22.25,2025-03-16
721499,51,38.55,2025-03-29
44346417,51,150.8,2024-06-03
59970728,51,173.18,2024-04-14
12876008,52,66.65,2023-09-28
17515867,52,181.19,2023-12-21
54480112,52,60.73,2023-12-29
71804487,52,39.91,2024-02-01
99767745,52,17.14,2025-04-03
6382682,52,22.07,2023-12-21
71257735,52,17.89,2024-10-17
84314433,52,132.94,2024-05-19
78631141,52,45.01,2023-08-26
62646165,53,147.33,2024-01-09
27744596,53,122.18,2024-09-04
61766444,53,103.84,2025-03-23
56643707,53,31.74,2024-05-25
82052382,54,177.02,2023-09-16
93066709,54,59.75,2024-09-15
88214273,54,98.99,2023-12-13
25453118,54,99.65,2024-12-03
52747942,55,154.0,2024-07-14
94915763,55,158.28,2024-05-02
60376640,55,183.83,2024-03-01
40389977,55,142.12,2024-05-19
4645442,56,75.24,2024-12-24
4530075,56,109.71,2024-10-21
86260561,56,144.07,2025-01-07
85482862,56,77.36,2025-01-04
96735334,56,119.09,2025-01-20
37188120,56,160.03,2025-03-21
22023034,56,33.49,2025-01-30
7729502,57,97.94,2024-10-11
46250879,58,91.08,2023-10-27
56338742,59,45.21,2025-04-11
92810767,59,188.46,2025-04-07
53016230,59,198.98,2025-01-31
31088545,59,164.16,2024-12-16
73101042,60,143.97,2024-11-26
52052982,60,157.19,2024-10-05
64386348,60,102.97,2024-06-24
86590775,60,113.7,2025-02-24
50468787,60,46.1,2025-03-11
45420099,60,176.51,2024-11-30
89218781,60,74.7,2025-02-03
74897248,61,181.27,2025-04-03
7545121,61,129.07,2025-03-25
42161687,61,14.82,2024-12-10
52436963,62,198.31,2025-03-05
651290,62,196.39,2025-02-26
26544365,62,127.96,2024-07-21
97441804,63,192.31,2023-12-24
45552721,63,111.51,2023-09-25
52072824,63,40.3,2024-09-24
24247783,63,114.0,2024-06-22
65721149,63,195.59,2025-02-16
3595237,63,161.02,2024-06-14
97056602,63,151.43,2023-10-12
46418887,63,96.54,2024-12-01
8569495,64,198.63,2025-01-09
72171542,64,93.72,2024-03-21
4527212,64,198.0,2024-01-28
89403632,64,36.77,2025-02-11
98112951,64,144.82,2024-03-08
18611056,64,190.13,2024-04-14
93898997,64,161.09,2024-11-07
47565498,64,142.77,2025-01-25
43882241,64,55.98,2024-03-28
77604416,65,24.12,2023-11-29
45706394,66,11.21,2023-09-30
87624259,66,131.22,2024-06-01
42272630,66,181.62,2024-10-17
51669846,66,146.83,2024-04-06
651639,66,91.3,2024-04-09
80631873,67,10.92,2024-06-05
36528642,68,152.48,2025-03-20
50992618,68,89.16,2025-03-18
75815059,68,188.43,2025-03-12
8717840,69,147.78,2025-02-03
26192037,69,165.52,2024-10-18
35474204,70,141.83,2024-01-08
91751558,70,142.45,2024-10-14
47056212,70,128.62,2023-10-16
80521853,71,173.13,2025-04-08
27025806,71,170.15,2024-09-07
92384423,71,93.71,2024-08-20
27425573,71,32.11,2024-04-22
37683528,71,106.34,2024-04-22
75322011,71,167.49,2025-02-05
58371543,72,165.38,2024-11-22
57650227,72,173.05,2025-01-26
58670433,72,123.46,2024-08-17
65795831,72,181.67,2024-11-08
15096004,72,133.59,2024-09-25
8201425,73,140.66,2025-03-17
10411637,73,199.31,2025-03-06
80118245,73,27.0,2024-07-15
38370583,74,94.91,2025-01-29
58167171,74,190.82,2024-10-04
49467252,74,152.89,2025-02-07
29516635,74,91.11,2025-02-11
75437660,74,91.94,2024-11-05
82063212,74,112.58,2024-11-23
161350,74,78.62,2025-03-13
32954037,74,161.15,2024-12-01
53697513,74,135.63,2024-09-01
78705329,74,136.43,2025-03-26
69642607,75,105.95,2025-03-15
60804759,75,178.08,2025-04-06
11847484,75,189.04,2025-03-12
57579019,75,188.82,2025-04-14
80385263,75,88.25,2025-02-12
7657334,75,145.19,2025-02-22
57179462,75,119.65,2025-02-24
24061484,76,78.67,2025-02-13
87570567,76,133.42,2025-03-07
98242203,77,26.76,2024-08-12
90546775,77,77.04,2024-01-19
68885867,77,86.82,2024-03-12
91939335,77,135.63,2025-02-15
21860131,77,125.83,2024-05-23
16130490,78,131.28,2024-01-26
48281049,78,117.12,2024-02-20
6636045,79,186.4,2024-06-18
4124750,79,52.98,2024-03-03
77414643,79,119.53,2023-05-21
10824480,79,118.13,2023-10-24
28694509,79,18.11,2024-11-25
4935332,79,11.47,2024-06-24
16519444,79,114.22,2024-07-31
53349853,79,72.75,2024-07-17
29315071,79,24.66,2023-12-14
21130746,80,67.31,2024-12-13
27230223,80,37.09,2024-12-07
52520504,80,72.09,2024-10-24
37520222,80,146.17,2024-06-29
4333045,80,78.36,2024-09-23
5050132,80,185.5,2024-08-31
27858543,80,193.38,2025-02-21
73210526,80,116.04,2025-03-02
58709396,80,37.19,2025-03-26
54592566,80,29.46,2024-03-17
34612070,81,99.99,2025-02-20
32173207,81,74.97,2025-01-30
51807002,81,129.6,2025-01-11
55133442,81,47.99,2024-12-05
13513068,81,167.87,2025-02-15
81336088,81,88.18,2024-12-19
40501964,81,114.74,2025-03-19
84605718,81,64.33,2025-02-16
78940734,82,182.21,2024-04-22
97071822,82,145.44,2024-09-29
21435532,82,84.86,2025-04-13
33007063,82,129.31,2024-05-31
87651248,82,176.06,2025-03-21
24432523,82,141.07,2025-03-11
27612474,83,99.84,2024-05-14
52992080,84,81.1,2024-03-17
63500637,84,136.66,2023-09-11
84938110,84,94.7,2024-06-12
1579730,84,156.54,2024-11-29
86808606,84,102.06,2024-09-03
85907284,84,10.37,2024-12-20
21996931,85,89.72,2025-04-04
1380490,85,84.21,2025-04-10
50052325,85,16.3,2025-04-13
72060560,85,191.97,2025-04-03
66620297,85,26.83,2025-03-30
8029842,85,157.44,2025-04-05
71188101,85,180.92,2025-04-15
24600737,85,158.11,2025-04-14
40712979,86,91.59,2025-01-16
33599335,86,178.49,2025-01-11
77747676,86,68.41,2024-09-18
70846932,86,123.57,2024-09-03
51445146,86,79.1,2024-09-05
58931196,86,53.21,2024-10-14
88848000,86,163.52,2024-12-13
65792495,87,79.93,2024-10-25
80892466,87,166.84,2023-11-20
88414272,87,89.5,2023-11-29
64684443,88,144.25,2024-10-08
80446784,88,143.39,2024-01-24
24237022,88,97.11,2024-09-20
78446404,88,143.07,2024-03-26
20242098,88,77.69,2024-02-09
5465246,88,43.36,2024-12-18
33922137,88,140.45,2023-07-03
6665675,88,79.55,2024-12-27
6974475,88,168.7,2023-09-19
86413095,89,189.11,2024-06-07
68156605,89,174.65,2025-04-04
80822685,89,177.28,2024-09-13
75383456,90,196.64,2024-08-15
74659273,91,108.47,2024-12-05
9198875,91,103.98,2025-03-14
72616143,91,38.93,2024-08-26
7575791,91,84.79,2024-09-16
98689592,92,139.49,2025-03-05
89500829,92,181.67,2025-04-10
72021655,92,58.67,2025-01-28
42364794,92,106.98,2024-11-30
10453877,92,41.65,2025-03-14
57338936,92,12.92,2025-01-29
74480610,92,144.63,2024-12-19
62863079,92,82.7,2025-01-11
4767085,92,190.25,2025-02-06
93108953,92,194.6,2025-02-23
32045951,93,151.47,2025-04-09
96870852,93,115.35,2025-03-23
43094032,93,51.58,2025-04-15
17680819,93,163.49,2025-03-29
61775936,93,75.66,2025-03-24
36395337,93,88.43,2025-03-12
67871132,93,99.78,2025-03-21
59494699,93,167.75,2025-03-21
62343081,93,29.63,2025-04-02
68675616,93,126.4,2025-03-13
70524170,94,197.25,2025-04-01
75346879,95,169.27,2025-01-18
76422722,95,145.38,2024-11-07
22351816,95,51.63,2025-03-06
15615761,95,169.71,2024-08-25
33808593,95,144.93,2024-10-21
47924191,95,124.72,2025-03-04
92228357,95,55.21,2024-07-03
92669030,95,57.02,2024-10-04
38293869,95,10.66,2024-07-24
18839196,96,46.36,2023-12-07
78396689,96,167.65,2025-01-19
36758077,96,192.61,2024-01-12
3798443,96,146.52,2025-01-28
64437202,96,40.14,2024-02-29
76371769,96,10.74,2024-09-10
79462425,96,112.05,2024-06-22
11305539,96,147.59,2023-12-11
22178327,96,21.17,2023-10-28
67755579,96,144.83,2024-09-14
25985250,97,195.51,2023-11-07
87445165,97,170.93,2024-09-19
35047346,97,46.36,2024-05-13
19065549,97,197.79,2025-04-02
97686481,97,73.73,2024-11-09
81569212,98,89.41,2025-02-14
52775578,98,145.37,2025-04-15
94359675,99,33.24,2025-04-12
98338772,99,112.39,2024-12-26
66038850,99,75.85,2024-12-15
37672810,99,180.95,2024-07-31
92346902,99,90.2,2023-11-14
17149297,99,62.7,2024-11-26
11747727,99,139.79,2025-04-06
1061697,99,110.72,2024-05-17
50904323,99,173.37,2024-01-14
91941194,100,50.53,2024-04-01
52160636,100,41.11,2025-02-21
63386707,100,73.35,2024-11-11
44493303,100,177.62,2024-09-13
98329093,101,62.03,2024-11-23
61433880,101,19.01,2024-08-25
62050890,101,70.93,2024-11-06
17620086,101,88.46,2025-03-10
9013644,102,162.09,2024-08-11
55155889,102,186.6,2024-08-13
74441168,102,13.83,2024-07-26
47641433,102,196.58,2024-06-30
22254853,102,155.18,2025-04-12
25113544,102,177.61,2024-12-17
14340777,102,152.82,2023-11-07
25138136,102,120.48,2024-02-22
6693236,102,24.65,2025-01-10
35406164,102,106.24,2024-02-21
87292438,103,96.46,2024-06-06
96678869,103,16.28,2025-03-12
94974188,103,135.05,2025-04-07
6267720,103,142.81,2024-06-14
88995184,103,19.36,2024-04-03
91946344,103,91.12,2024-12-24
65588916,103,35.76,2024-03-15
25581267,103,154.51,2023-12-07
45840312,103,181.65,2024-10-09
22906395,103,21.37,2023-12-24
38782591,104,55.64,2025-04-12
87070981,104,168.91,2025-04-03
75977879,105,57.97,2025-01-13
14003037,105,80.59,2024-05-29
91328653,105,71.81,2024-06-06
56237656,105,74.99,2024-11-20
2839150,105,64.73,2024-09-11
10751553,105,38.49,2024-07-01
75723771,106,182.17,2024-09-09
95062145,106,63.67,2025-01-11
37950200,106,181.49,2023-08-05
45967306,106,191.11,2023-11-30
66336192,106,171.27,2023-08-28
87444641,107,152.25,2025-02-02
80290818,107,54.76,2025-02-26
40356043,107,181.63,2025-01-20
39442080,107,182.65,2025-03-22
17235521,107,126.72,2024-12-29
93780012,107,58.75,2025-02-23
66606260,107,31.4,2024-11-26
92183179,107,147.21,2025-03-09
10365895,108,124.95,2023-11-23
41302640,108,60.52,2024-10-01
2126315,108,100.16,2024-04-11
92707763,108,23.2,2024-08-21
17609645,108,166.54,2024-03-22
20478856,108,93.13,2024-03-02
28300032,108,169.58,2023-09-16
56358011,108,166.7,2024-03-19
12221967,108,60.87,2024-01-22
15364465,108,142.3,2024-01-29
95816005,109,172.82,2024-05-23
76890580,109,134.63,2024-06-14
56352296,109,55.58,2024-05-12
94280992,109,127.22,2024-06-06
28250406,109,177.96,2024-11-09
74981387,109,191.88,2024-07-22
91492057,109,48.39,2024-10-30
48261134,109,110.21,2024-12-08
20210992,110,151.86,2024-12-20
27699922,110,53.05,2025-01-31
52358418,110,138.1,2025-01-18
88356825,110,80.63,2025-02-09
79180502,110,164.72,2025-03-21
89622959,110,83.6,2025-01-03
77463960,110,127.53,2025-01-02
74479171,111,189.01,2024-09-24
19027445,111,44.31,2024-08-03
95034915,112,58.99,2024-04-27
60183348,112,117.52,2024-08-19
22892661,112,19.49,2025-01-22
17288408,112,94.93,2024-03-03
11241511,112,108.59,2024-12-31
1617936,112,147.85,2024-01-28
55187773,112,57.08,2024-04-06
9191695,113,66.56,2025-02-13
18373143,113,106.92,2025-03-04
8204991,113,57.88,2025-03-12
47924408,113,68.64,2025-04-13
24061889,113,95.95,2025-03-24
16848419,113,80.71,2025-02-11
48122724,113,179.09,2025-04-03
53544055,114,153.67,2024-10-13
77322702,115,107.42,2024-02-10
56695122,115,69.94,2024-03-01
48571710,115,167.18,2024-07-03
64210901,115,30.44,2023-11-29
41281140,115,198.91,2024-05-07
81727510,115,25.02,2024-06-02
66066755,115,142.8,2024-01-28
78911411,115,31.47,2024-03-27
36856662,115,139.15,2024-09-07
82955804,116,53.69,2024-07-06
23307471,116,158.04,2025-02-25
39907582,116,61.89,2024-07-19
94743206,116,12.5,2024-07-03
974701,116,69.5,2025-03-23
70026473,116,141.58,2024-11-17
36997799,116,39.99,2025-04-10
57327500,116,160.48,2024-12-17
84537553,117,24.88,2024-09-08
16411133,117,187.3,2025-01-15
27192909,117,56.96,2025-01-18
66993835,117,164.99,2025-02-25
34654350,117,97.86,2025-01-31
63578417,118,64.84,2024-05-14
34155443,119,89.36,2025-01-31
207833,120,98.89,2024-01-04
57705587,120,82.94,2024-04-03
59380377,120,11.71,2024-07-02
88415538,120,16.41,2023-12-11
30677260,120,123.16,2024-01-24
77965301,121,10.41,2024-09-27
27749904,121,148.63,2024-11-18
40772521,121,101.86,2024-12-22
8105868,121,127.57,2024-10-21
2326772,121,72.95,2025-01-01
2478290,121,87.53,2025-02-15
81052088,121,15.67,2025-01-12
11378720,122,22.48,2024-06-14
24625177,122,72.0,2024-05-01
21429603,122,127.45,2024-06-02
34432406,122,19.31,2024-07-16
53206858,122,176.59,2024-12-12
19680209,122,133.52,2024-12-31
6942708,122,113.58,2024-09-08
86102190,122,185.0,2025-03-08
4587991,123,154.68,2024-12-26
47975195,123,99.51,2025-02-21
19373932,123,96.17,2024-04-09
99705476,123,135.42,2025-02-22
58505497,123,74.83,2024-04-14
20664091,123,156.71,2024-12-03
79730355,123,86.07,2025-03-24
80804066,123,38.54,2024-10-21
11814899,123,69.51,2024-09-22
21680670,123,54.75,2024-10-20
40019147,124,22.0,2025-03-28
41875349,124,117.29,2025-01-12
93345323,124,124.23,2025-01-21
43376360,124,156.52,2025-02-28
7597733,124,109.07,2025-03-30
24489406,124,150.39,2025-02-18
13823321,124,57.83,2025-03-27
90920077,124,198.59,2024-12-27
13316861,125,80.87,2024-04-27
24847604,126,82.51,2025-01-10
49626680,126,27.74,2025-02-05
54061639,126,176.81,2025-01-17
59740537,126,122.14,2024-09-23
32315357,126,50.54,2024-11-29
49402662,126,59.51,2024-09-21
58943191,126,191.61,2025-03-03
93779935,126,58.51,2025-02-11
88025067,127,111.4,2025-02-21
93167365,127,149.37,2025-03-24
78517846,127,60.11,2025-04-10
71516970,127,133.09,2025-02-11
19498967,127,154.62,2025-02-10
62871752,128,32.53,2025-04-13
93370572,128,160.38,2025-03-11
95376063,128,16.54,2025-01-16
87493734,128,50.88,2025-01-11
86507115,128,96.85,2024-12-02
28275297,128,79.47,2025-04-13
77063457,128,48.83,2025-03-09
75680321,128,16.1,2025-04-02
70645182,128,163.14,2025-01-07
74229312,128,71.53,2025-02-21
28151477,129,115.08,2025-01-21
57564899,130,91.14,2025-03-01
71390975,130,184.82,2024-11-27
91194043,130,134.87,2024-12-17
28896370,130,115.76,2025-04-04
26995291,130,177.9,2024-12-12
17531972,130,177.84,2025-02-27
38772537,130,91.3,2025-03-02
85725469,131,198.74,2025-01-25
33540054,131,49.93,2024-07-16
58965229,131,156.9,2024-11-10
18850767,131,168.93,2025-03-18
75885067,132,175.98,2025-02-21
27409988,132,43.64,2024-10-15
34684472,133,85.06,2024-08-06
54614677,133,168.8,2025-01-12
94657835,133,172.88,2025-02-20
31443846,133,116.02,2024-09-15
94288947,133,168.53,2024-09-30
29836447,133,193.29,2025-03-18
22626510,134,18.12,2025-04-12
20237004,134,125.15,2025-03-17
58819286,135,133.86,2024-10-05
20681744,135,181.23,2024-11-11
36630310,135,164.81,2024-03-13
49082891,135,111.86,2023-12-15
10331579,135,198.4,2024-04-22
1488864,135,97.76,2024-02-26
67854841,135,124.07,2024-11-16
75150214,135,133.73,2024-01-15
68043056,136,31.05,2025-02-15
96178639,136,199.17,2025-02-24
85263519,136,197.83,2025-04-06
94243725,136,62.69,2024-06-21
37552011,136,119.65,2024-06-25
14444470,136,30.38,2023-07-06
59308676,136,146.81,2024-01-30
53045051,136,29.69,2024-06-11
10393408,136,70.51,2024-04-25
72187869,136,172.21,2023-12-03
76162593,137,165.36,2024-10-19
26578043,137,99.33,2025-01-13
79473318,137,115.71,2024-12-09
71271140,137,34.56,2025-01-06
53834590,137,57.42,2024-07-30
98845993,137,19.21,2024-07-17
88711795,137,185.01,2024-12-05
62110371,137,24.11,2024-07-14
86605571,137,153.67,2024-08-18
46563075,138,76.6,2025-01-02
69072130,138,161.66,2024-07-29
34874782,138,119.25,2025-03-22
91083327,138,154.6,2024-08-02
40667448,138,98.78,2024-09-09
3658903,138,39.53,2024-10-20
54387520,139,128.05,2024-05-10
78102133,139,45.37,2024-10-21
56832242,139,112.92,2024-01-11
99248157,140,162.06,2024-08-29
5591410,140,117.93,2024-08-01
36572135,140,138.66,2024-12-16
65186633,140,12.17,2023-08-07
36535186,140,34.49,2024-12-29
73461787,140,158.94,2024-09-19
48461515,140,105.34,2023-08-09
18378394,141,153.77,2025-02-11
74842977,141,129.73,2025-02-07
4275395,141,134.05,2024-10-17
64343908,141,33.61,2025-02-28
83633224,141,66.52,2024-11-10
10920162,142,149.36,2025-02-04
58350473,142,92.6,2025-01-26
92411102,142,84.84,2024-09-16
93648118,142,102.39,2024-12-28
89859585,142,81.21,2024-10-01
1603348,142,172.47,2025-03-21
68106641,143,147.05,2024-12-13
51805970,143,139.76,2024-07-30
36933855,143,146.26,2024-05-27
56234018,143,176.96,2025-02-11
85345634,143,89.82,2024-04-16
31406159,143,29.46,2025-04-11
18577106,143,161.03,2024-06-04
6300765,144,52.48,2025-04-15
61000161,144,151.89,2025-04-13
31524521,144,23.7,2025-04-10
93681996,144,199.26,2025-04-01
3625507,144,178.21,2025-04-09
14275740,144,148.76,2025-04-05
32160409,144,152.95,2025-04-09
46108474,144,159.83,2025-04-03
77127008,144,58.79,2025-04-03
7118612,145,90.65,2024-12-22
4044490,145,89.17,2025-04-13
7089103,145,169.97,2025-03-25
41596420,145,184.15,2024-03-28
3719687,146,49.26,2025-02-08
53412852,146,140.38,2024-01-30
96059551,147,29.65,2024-01-15
40356209,147,82.67,2023-05-28
27462080,147,131.05,2024-02-23
13531887,147,170.77,2023-07-13
89591448,147,12.14,2024-07-04
85127652,147,154.79,2023-12-24
81376749,147,191.59,2023-09-13
20134984,147,13.62,2024-12-15
22272294,147,75.15,2024-07-09
71832194,148,82.66,2023-10-05
52612876,148,172.91,2023-09-11
41707044,148,150.74,2023-11-27
55556874,148,168.18,2023-11-16
48317567,149,63.24,2025-04-09
38167315,149,144.49,2025-04-11
74464153,149,122.61,2025-03-10
35408940,149,67.06,2025-04-15
6388917,149,84.05,2025-04-09
50694811,149,177.3,2025-04-08
30715373,149,60.43,2025-04-05
68476868,149,33.52,2025-04-09
37607343,150,86.11,2025-03-01
75734921,150,20.6,2025-04-04
12966778,150,33.62,2025-01-16
58594838,150,195.42,2025-01-24
46674822,150,155.93,2025-02-18
24472548,151,144.01,2024-10-01
28663407,151,22.14,2024-11-17
66111645,151,78.01,2024-06-10
39304089,151,182.61,2023-12-14
18215835,151,55.19,2024-02-11
88030164,151,170.1,2024-08-12
91515875,151,135.93,2024-11-01
72046574,151,178.23,2024-11-02
11411970,151,27.19,2024-08-14
97242220,151,19.83,2024-01-03
18309170,152,170.24,2024-10-11
7595086,152,190.6,2024-01-07
19195739,152,49.86,2024-02-03
2059768,153,94.28,2025-04-15
29777075,154,148.65,2024-11-23
13065063,155,63.03,2024-10-17
77546593,155,108.09,2025-01-30
74900180,155,21.36,2024-05-19
36630835,156,83.66,2025-03-02
83178228,156,137.29,2024-12-22
6882956,156,140.73,2024-10-27
28640218,156,27.06,2024-10-10
47099327,156,107.57,2024-12-25
66242965,156,113.6,2024-11-03
86633077,156,175.21,2024-11-15
94744642,157,24.02,2024-06-18
23222023,157,55.9,2024-08-13
98043064,157,109.29,2023-11-21
92259733,157,120.61,2024-06-03
32618781,157,132.15,2024-04-13
66073539,157,108.39,2025-03-08
37873343,157,101.55,2024-12-24
50256238,157,147.73,2023-09-26
27180860,157,97.33,2024-04-16
61849632,158,104.38,2025-02-27
88601138,158,84.88,2023-11-30
33725899,158,111.58,2025-03-19
84115784,158,31.11,2024-10-24
43992862,158,180.62,2024-10-17
4922048,159,56.23,2024-12-27
72276159,159,96.1,2025-03-11
84721140,159,124.99,2024-12-14
884937,159,54.97,2025-01-27
15638623,160,179.72,2024-08-30
77331873,160,165.86,2024-06-23
24474895,160,37.19,2025-04-12
98879238,161,143.01,2025-01-28
91453270,161,171.85,2025-01-07
12505937,162,49.48,2025-04-15
2852153,162,101.0,2025-04-14
18548390,162,146.27,2025-04-14
16402289,162,91.6,2025-04-12
41715270,162,34.97,2025-04-14
43962504,162,39.24,2025-04-15
74417914,163,131.35,2024-07-01
74948071,164,191.48,2025-03-29
63896376,165,142.19,2025-04-09
71353817,166,41.91,2024-12-26
96767491,166,170.39,2025-03-14
99328808,166,169.7,2024-08-09
73373262,166,29.03,2024-10-01
79734355,166,145.58,2024-08-07
95281504,167,119.88,2024-11-19
48579094,167,99.72,2024-10-18
95248494,167,191.88,2025-02-03
42639188,168,197.33,2025-01-01
51293331,168,18.78,2024-12-23
40708998,168,168.27,2025-02-20
47427073,168,127.56,2024-10-13
39005247,168,181.51,2024-08-29
23749585,168,114.74,2024-10-12
11294139,169,189.27,2025-01-02
73430106,169,134.58,2025-04-15
52798823,169,155.14,2025-04-06
74832627,169,177.97,2024-12-23
41476629,169,49.32,2025-03-02
67924363,169,120.4,2025-01-04
78882306,169,63.35,2025-04-07
76644013,169,189.17,2025-03-07
95531944,169,159.15,2024-12-24
318821,169,121.89,2025-01-03
5499643,170,56.56,2024-07-02
75393459,170,186.97,2024-04-25
92167184,170,70.95,2024-06-03
52248311,171,38.22,2024-08-16
44721629,171,68.87,2024-12-03
1928829,171,190.45,2024-10-16
38504725,171,77.62,2024-10-19
10926184,171,132.7,2024-08-24
20372589,171,162.67,2025-01-05
84617439,171,141.4,2025-02-28
94271232,172,134.78,2024-03-13
42454293,172,134.08,2023-12-02
46180340,172,91.01,2024-07-06
94122573,172,178.75,2024-05-06
29134677,173,154.31,2025-03-13
70487729,173,90.74,2025-01-24
24563684,174,88.89,2025-02-07
41737552,175,13.36,2024-12-23
46544625,175,93.39,2025-01-17
57107727,175,105.96,2025-04-06
50960351,175,154.75,2024-08-07
56130428,175,55.8,2025-01-25
38367633,175,41.72,2024-08-05
19602707,175,145.58,2024-05-06
43628125,176,74.13,2024-12-22
86017978,176,105.29,2024-09-21
17466473,176,95.72,2025-02-12
35686335,176,94.94,2025-01-21
47935471,177,75.08,2024-11-09
33852172,177,190.55,2024-06-21
40023276,177,22.81,2025-03-20
72471366,177,141.78,2025-03-27
80911916,177,47.69,2024-02-02
14765132,177,116.84,2024-10-31
10928513,177,174.84,2024-03-25
10570861,177,64.95,2024-05-10
94780281,177,144.83,2025-02-19
40248574,178,151.04,2025-03-12
9570311,178,194.76,2025-03-02
10649498,178,58.37,2025-04-05
45810551,178,157.14,2025-02-23
93536952,178,150.52,2025-02-27
89076723,178,184.07,2025-04-12
46990627,178,48.63,2025-03-04
84154136,178,28.85,2025-02-26
40193010,178,72.03,2025-03-18
44554944,178,145.94,2025-03-10
24088648,179,89.97,2024-06-22
85840765,179,126.29,2025-03-23
35326675,179,62.43,2024-10-23
19635671,179,66.02,2024-10-17
71924458,180,195.97,2025-01-07
39501248,180,120.14,2024-12-23
46494791,180,165.15,2025-04-06
94319651,181,40.68,2025-04-12
56783462,181,134.07,2025-02-26
47080822,181,77.15,2025-01-24
66508595,181,179.54,2025-01-20
12695970,181,131.13,2025-04-12
52174765,181,54.36,2025-01-15
79943473,181,61.74,2025-04-14
74310100,181,56.28,2025-02-21
20318191,182,124.17,2024-10-27
56169460,182,140.48,2025-03-28
75998122,182,110.35,2024-04-13
72987838,182,106.27,2024-05-30
65478535,182,128.41,2024-12-27
45738264,182,115.15,2024-04-17
40717067,183,152.42,2025-04-01
29347850,183,165.38,2025-03-23
58077075,183,84.67,2025-03-21
9993181,183,38.09,2025-03-04
72775500,183,113.69,2025-04-10
27254149,183,142.1,2025-02-18
28527235,184,20.54,2024-11-08
19988686,184,147.82,2024-09-29
25678741,185,172.81,2023-10-23
67591682,185,56.4,2023-09-27
91333061,185,21.83,2024-07-31
99715540,185,183.12,2024-11-20
83447516,185,96.1,2024-02-01
71839065,185,195.54,2024-07-21
11827053,185,104.66,2024-07-22
78003119,185,124.58,2023-09-29
16853758,185,69.45,2025-03-18
35516919,185,145.08,2025-01-21
28515451,186,132.77,2024-01-17
44339470,186,180.63,2024-03-26
5865693,187,139.77,2024-12-27
36286701,188,113.85,2025-01-11
34024438,188,140.72,2025-01-14
66832947,188,162.24,2024-12-30
60576599,188,113.67,2025-03-06
52657655,188,10.2,2025-02-11
3236909,189,76.89,2024-07-29
62823038,189,57.23,2025-02-10
166438,189,93.72,2024-10-23
7563203,189,161.83,2024-01-06
34460338,189,60.34,2024-05-23
38973749,189,119.89,2024-08-02
36698577,190,177.26,2025-04-15
4497828,190,85.62,2025-04-15
75086749,190,77.85,2025-04-08
64663066,190,173.66,2025-04-12
56370762,190,133.95,2025-04-09
47912172,190,74.61,2025-04-08
77932676,190,187.17,2025-04-11
25909266,191,153.55,2024-03-21
95513527,191,142.07,2025-02-26
48954671,191,179.79,2023-11-14
93650186,191,117.3,2024-01-20
77296342,192,111.32,2025-03-26
76852133,192,127.05,2025-02-22
5928064,192,156.28,2025-03-05
73348183,192,22.51,2025-02-14
337231,192,108.32,2025-03-01
67065845,193,42.75,2025-03-19
47071642,193,103.31,2025-04-11
77470108,193,66.23,2025-04-07
85919636,193,59.11,2025-04-09
86678785,193,23.03,2025-03-18
81350370,194,156.6,2025-03-02
85359483,194,46.55,2025-03-16
6153398,194,189.2,2025-03-09
42659023,194,116.69,2025-01-17
26739909,195,53.66,2024-10-04
82544516,195,79.47,2024-07-28
51104390,195,153.7,2024-03-24
54656475,196,67.52,2025-03-20
1504756,196,42.91,2025-02-22
65950438,196,46.15,2025-03-26
72477867,196,17.94,2025-03-12
54175316,196,109.02,2025-04-05
57324220,196,116.81,2025-04-03
45811079,196,45.29,2025-03-30
46260032,196,11.83,2025-03-01
13595047,196,147.27,2025-03-13
52521211,196,48.3,2025-03-22
76237130,197,176.58,2025-04-04
99582644,198,65.73,2024-10-22
55928998,198,157.06,2025-01-15
77803359,198,144.59,2024-09-18
66691880,198,104.78,2024-11-18
97449473,198,92.62,2025-04-12
50164056,198,187.89,2024-12-25
48181639,199,80.52,2025-03-20
92930796,199,54.87,2025-02-12
73552874,199,52.79,2024-09-01
98239005,199,197.07,2025-02-05
93351715,199,88.34,2024-09-13
64916062,199,151.5,2025-02-02
94436151,199,163.29,2024-12-27
42761808,199,17.38,2024-09-01
45612351,200,107.89,2025-04-09
29392453,200,82.23,2025-03-12
26748107,200,193.68,2025-03-05
43115181,200,117.83,2025-04-07
77019169,200,67.02,2025-03-28
54408095,201,170.43,2024-12-21
71635961,201,64.99,2024-01-29
93115565,201,49.14,2024-02-01
92952629,201,111.39,2024-01-29
97522402,201,24.23,2024-10-18
24333177,201,125.67,2024-10-09
62442543,201,149.48,2024-06-02
36490836,201,42.11,2023-11-15
18182088,201,174.94,2024-08-12
56139968,201,121.51,2025-02-07
49470555,202,132.17,2024-08-15
17166570,203,32.96,2024-09-29
33130481,203,114.82,2024-08-22
96107332,203,83.7,2024-11-25
67130737,203,130.06,2024-08-31
55288523,203,45.18,2025-03-12
50769763,203,114.34,2024-08-14
3883415,204,113.95,2025-01-31
71267122,204,181.67,2024-12-16
37091082,204,86.75,2024-12-26
94022840,204,180.46,2025-02-24
35289785,204,11.76,2025-03-03
21482368,204,66.6,2025-02-13
59900905,204,138.29,2025-01-16
15396400,204,65.1,2024-10-29
53560911,204,119.39,2025-01-29
53101384,205,144.42,2025-03-08
27310866,205,112.39,2025-02-20
98231659,205,91.95,2025-02-09
75430406,205,176.9,2025-03-10
50074805,205,95.35,2025-03-10
61530799,205,94.84,2025-04-03
65154080,205,107.53,2025-02-28
37821534,205,28.21,2025-02-22
30937115,205,121.54,2025-01-31
67618257,205,133.18,2025-02-11
94543917,206,17.38,2025-02-05
62023369,206,152.66,2025-03-24
37905000,206,123.8,2024-11-11
15669698,206,192.96,2024-11-08
11689139,206,54.22,2024-09-18
45484933,206,89.74,2024-12-22
26791199,206,84.62,2024-09-16
67150659,206,48.92,2024-07-28
74631881,207,93.44,2025-02-23
35424532,208,133.4,2025-03-27
50131310,208,66.65,2025-03-25
22829231,208,12.42,2025-02-10
48433048,208,97.47,2025-03-31
13691768,208,46.73,2025-02-09
28623134,208,45.39,2025-04-07
20224563,208,163.71,2025-03-17
6031194,209,159.92,2024-11-30
81164111,209,50.51,2025-01-26
14308619,209,92.81,2025-03-18
95651303,209,90.35,2024-06-05
73648905,209,138.27,2024-08-22
883169,209,75.26,2024-09-25
11531414,209,84.34,2025-04-08
92002804,209,164.93,2024-11-27
34080642,210,104.07,2024-08-07
52992506,210,162.82,2024-07-25
48468119,210,70.03,2024-12-05
56272181,210,66.24,2024-02-16
36232232,210,141.72,2025-04-02
23117654,210,92.62,2024-10-09
63793178,211,35.78,2023-12-15
77551147,211,137.88,2024-12-09
20010864,212,53.92,2025-01-01
12407192,212,160.69,2024-09-16
3935983,212,100.36,2024-09-20
29414776,212,126.71,2025-04-06
23593974,212,115.65,2024-11-08
46327995,212,135.51,2024-09-10
71154828,212,35.46,2024-06-02
46823500,213,138.5,2025-03-11
61716533,213,83.0,2024-12-18
44351906,213,38.2,2024-02-08
95892290,213,177.77,2024-09-25
11444620,213,136.86,2024-02-25
61086917,214,105.83,2023-10-03
30206704,214,28.86,2023-12-26
38205333,214,155.01,2024-09-25
94304424,214,38.95,2025-04-02
2059023,214,73.76,2024-04-06
51631828,214,27.45,2025-02-15
13978459,214,80.7,2024-06-18
52977828,215,79.63,2024-06-03
52764766,215,95.72,2024-11-08
75145159,215,157.66,2023-11-25
56187114,215,85.67,2024-05-03
2428759,215,100.81,2024-06-20
748687,216,177.16,2025-03-08
27676014,216,25.45,2024-08-19
6317413,216,100.14,2024-12-28
68239455,217,72.15,2025-03-24
337868,217,136.93,2025-04-07
419509,217,162.72,2025-04-12
19951149,217,87.91,2025-03-23
10797939,217,27.95,2025-04-08
94888958,218,144.72,2024-02-17
36308706,218,180.12,2024-04-20
24712098,218,101.35,2024-12-28
82001867,218,28.1,2024-08-20
89231341,218,66.61,2024-07-28
12773249,218,129.79,2024-02-16
73894136,219,148.87,2025-02-26
61167926,219,180.78,2025-02-17
61187807,220,95.04,2025-02-23
95600791,220,192.79,2025-03-25
61610284,220,43.93,2025-03-15
16809451,221,78.77,2023-08-15
54322340,221,29.05,2023-08-17
57751505,221,53.03,2023-05-27
69844925,221,72.95,2024-04-30
37524341,221,147.4,2024-02-07
84623792,222,130.89,2024-08-01
93851231,222,19.06,2024-02-04
30622418,222,108.12,2024-12-10
26049993,222,132.22,2024-03-07
24370278,222,191.59,2024-06-03
46374967,222,31.32,2024-12-02
79687710,222,39.46,2024-05-30
99375911,222,124.09,2024-06-26
13580033,222,160.61,2024-11-27
3140513,222,34.31,2024-07-14
38790773,223,175.81,2025-02-27
79998617,223,114.81,2024-05-25
46667198,223,93.28,2024-12-10
9550633,223,59.63,2024-11-28
85162455,223,60.82,2024-05-22
31699186,223,47.88,2024-11-11
20140726,223,50.46,2024-07-28
1615384,223,96.25,2024-11-18
44725694,223,16.52,2024-10-15
92939711,223,87.52,2024-12-11
2460980,224,120.62,2024-05-24
25260805,225,142.91,2024-06-28
90723549,225,125.7,2024-10-29
3020440,225,61.47,2024-06-29
31173129,225,17.95,2024-09-07
29126032,226,17.17,2024-12-18
9712009,226,114.74,2024-11-23
47313424,226,198.98,2025-01-30
72100550,226,60.01,2025-02-23
58431817,226,138.37,2024-03-19
89567262,226,153.33,2025-02-10
25983244,226,122.51,2024-02-14
33242763,226,173.24,2024-03-20
96465010,226,187.74,2024-03-13
29018623,227,41.09,2025-03-29
80181142,227,38.05,2025-04-08
76301786,227,81.96,2025-03-27
82254557,227,180.98,2025-02-15
37603199,227,131.43,2025-03-14
52596480,227,32.83,2025-03-20
23816162,228,198.08,2025-04-13
62003804,228,161.06,2025-04-15
58007266,228,160.1,2024-11-02
12059566,228,126.57,2024-08-22
55533038,228,139.45,2024-09-06
74856491,228,192.18,2024-04-23
26595969,229,19.14,2023-07-22
731842,229,125.3,2025-01-10
2982165,229,118.42,2024-06-27
62686598,229,193.74,2023-12-23
52977616,229,161.91,2025-01-10
76134644,229,166.39,2024-10-26
29513886,229,129.43,2023-11-27
35366546,229,176.31,2024-02-08
15777675,230,134.7,2025-02-16
19822175,230,198.8,2025-02-01
7999047,231,190.5,2025-03-18
10338989,231,156.42,2025-03-05
19153499,231,107.51,2025-03-16
77603080,232,25.28,2024-07-30
34744535,232,167.9,2024-08-31
20395594,232,199.72,2024-10-18
79755301,232,17.39,2024-04-08
80191801,232,17.46,2025-02-26
31547489,232,106.24,2024-04-28
79347234,232,77.07,2024-07-24
94550300,232,60.89,2025-02-12
49005118,233,99.3,2025-02-10
13655335,233,48.96,2025-02-22
55628638,233,177.31,2025-02-02
66874433,233,191.21,2025-04-05
21732213,233,51.41,2025-04-02
73163910,233,15.76,2025-04-08
53772138,233,139.47,2025-03-30
20289721,233,13.68,2025-01-31
5248410,234,166.07,2023-10-09
82558217,234,49.3,2025-02-25
24604782,234,88.03,2024-04-24
27393511,234,150.82,2025-02-24
8187808,234,37.36,2024-02-10
19554934,234,95.91,2024-05-20
88140021,235,99.38,2025-04-09
72181378,235,22.29,2025-04-01
23539505,235,142.92,2025-02-26
58712956,235,20.87,2025-04-01
73219563,235,119.72,2025-04-04
13277752,236,11.1,2023-10-27
57925626,236,25.35,2023-11-12
34676876,236,25.08,2023-10-03
76790074,236,40.94,2024-09-09
87070711,236,188.27,2024-05-13
28474683,236,33.24,2023-12-23
8964804,236,139.66,2024-09-02
36423311,236,72.93,2024-01-31
14431880,236,161.47,2023-11-24
56418064,236,63.14,2025-01-02
4991357,237,119.44,2024-10-22
29180070,237,86.93,2025-01-03
2152310,237,101.13,2024-10-21
72270678,237,79.1,2025-03-20
22188726,237,186.85,2025-02-07
3052276,238,112.83,2025-01-29
50303136,238,122.55,2024-09-27
7207071,238,187.84,2025-03-25
78005662,238,198.76,2025-03-26
70429387,238,127.3,2024-11-12
99639826,238,76.64,2024-11-13
3092848,238,43.42,2024-12-07
48094669,238,196.37,2024-11-08
8260995,238,91.77,2025-02-12
14079430,238,142.7,2024-12-14
28110189,239,104.84,2025-04-14
67659859,240,34.29,2025-01-18
41062634,240,58.35,2024-10-13
26351883,240,71.51,2024-12-01
31342477,240,188.43,2024-12-15
60705898,240,45.54,2025-03-13
70129301,240,97.02,2024-11-06
15576422,240,74.34,2024-12-24
46077555,241,108.23,2024-07-31
42276532,241,92.49,2024-10-05
35875345,241,179.85,2024-12-10
20917800,241,152.92,2025-03-21
28002044,241,140.16,2025-01-29
3648351,241,38.41,2025-03-01
48364552,241,68.0,2025-03-22
4276174,241,66.56,2024-06-19
71940702,242,127.99,2025-03-20
24594304,242,89.4,2024-03-22
75774772,242,41.97,2024-06-15
91760699,242,108.07,2024-12-30
44955690,242,191.54,2024-01-14
86161518,242,169.12,2024-04-24
2672154,243,103.69,2025-01-13
41353679,243,197.6,2025-01-05
40549441,243,10.25,2025-01-13
98092284,243,145.38,2024-05-17
62053401,243,56.82,2025-03-16
70494317,244,186.35,2024-04-22
6186082,245,116.85,2024-11-25
81085074,245,129.79,2024-02-23
77225265,245,155.66,2024-11-07
23409834,245,134.5,2024-06-06
64513001,245,94.11,2024-07-07
73875057,246,80.53,2024-10-25
41137936,246,160.59,2024-11-07
65048858,246,168.86,2025-02-11
17857125,246,112.55,2025-03-14
1053013,246,128.53,2025-03-09
88360320,246,191.05,2024-11-10
95874692,246,54.72,2025-01-23
52468285,246,115.96,2025-01-02
42420463,246,21.29,2024-10-16
48875860,246,21.43,2025-02-24
25154143,247,172.74,2025-04-04
20996797,247,45.11,2025-04-15
21547828,247,159.51,2025-04-10
93148714,247,129.47,2025-04-10
29027507,247,14.01,2025-04-04
65557779,247,134.01,2025-04-13
58814168,248,151.03,2025-02-02
96153482,248,134.41,2025-04-05
39007840,248,129.64,2025-04-02
45913086,248,56.61,2025-02-06
592998,248,101.72,2025-03-20
3079347,248,173.97,2025-01-11
49186070,248,99.61,2025-01-14
60655887,248,165.27,2025-02-25
35058344,248,164.79,2025-04-03
49333381,248,157.95,2025-01-30
40744935,249,77.77,2024-04-24
31378974,249,117.69,2023-10-20
87372692,249,186.57,2024-10-15
70365327,249,66.26,2025-03-28
11794455,249,116.81,2024-01-27
56003459,249,99.46,2025-01-05
77541794,249,83.24,2024-02-25
75128055,249,192.97,2024-06-05
34734005,249,34.24,2024-11-16
45450617,250,97.59,2025-02-02
32715097,250,138.91,2024-11-28
53129723,250,117.04,2024-09-22
20532378,250,118.95,2025-01-07
69760742,250,165.4,2024-05-28
7382455,250,171.02,2024-12-03
56484926,250,169.05,2024-08-09
11094318,250,61.03,2024-10-17
64873443,250,10.36,2024-12-31
33458857,250,78.01,2025-02-05
75438471,251,198.8,2025-02-25
26957201,251,100.57,2024-11-19
32996766,252,183.97,2024-06-22
20519068,252,56.77,2024-02-29
86759845,252,65.87,2024-06-13
18134833,252,155.11,2023-10-08
33914627,253,53.96,2025-02-08
29126072,253,29.65,2025-02-12
72989195,253,116.93,2025-02-08
58260964,253,182.75,2025-03-17
30040806,253,39.04,2025-03-20
25234092,253,114.47,2025-01-10
61459477,253,136.39,2025-02-28
19594181,253,164.64,2025-01-01
3088710,253,199.73,2025-03-08
32694532,254,38.8,2025-02-02
53514705,255,126.91,2025-04-12
75385326,255,67.11,2025-04-03
69054677,255,43.09,2025-03-30
80221761,255,61.88,2025-04-06
84976217,255,66.14,2025-04-01
26028392,255,17.03,2025-03-24
26812407,255,165.12,2025-03-12
34306631,255,134.11,2025-03-30
6977975,255,156.84,2025-03-02
27951731,255,92.33,2025-03-15
57515408,256,112.58,2024-06-15
32631922,256,132.02,2024-12-26
53996759,256,116.06,2025-03-07
22684320,256,17.66,2025-01-03
60027157,256,189.17,2024-06-16
73933939,256,157.33,2024-09-16
45030403,256,27.66,2024-10-12
79135774,257,70.84,2024-06-09
16607196,257,47.84,2024-05-07
21925961,257,82.26,2024-06-21
38504147,257,81.06,2024-03-22
44886266,257,178.78,2024-03-04
3511527,257,183.61,2024-06-10
49138663,257,173.91,2023-12-02
89807533,257,99.26,2024-01-25
28234806,258,160.98,2025-04-04
53749201,258,131.08,2025-04-06
34276597,258,191.92,2025-04-14
59608246,258,80.5,2025-04-09
92456305,258,111.35,2025-04-11
60908059,258,51.63,2025-04-11
57094224,258,51.06,2025-04-14
21877801,258,75.31,2025-04-01
95145826,259,166.96,2024-11-21
36642838,259,135.53,2024-07-04
44925138,259,29.29,2024-11-24
52836475,259,152.1,2025-02-13
15703243,259,151.44,2024-11-19
78554817,259,147.33,2024-10-07
83353260,259,152.09,2024-11-29
79223884,259,117.49,2024-11-09
94273463,259,143.08,2025-03-07
62341625,260,27.26,2025-02-04
88053070,260,152.75,2025-02-21
37479665,260,24.19,2024-06-09
37157271,260,46.05,2024-10-15
62754825,260,130.22,2025-03-25
59897324,261,142.33,2025-01-14
78288370,261,107.48,2024-11-10
60219899,261,160.27,2024-12-25
54543054,261,21.39,2024-10-09
50184181,261,11.18,2024-09-02
42771257,261,21.42,2024-08-08
41712884,261,68.38,2024-09-09
7504078,262,69.81,2025-02-06
52056821,262,91.92,2024-11-13
10230865,262,97.07,2025-02-05
58027019,262,85.29,2024-12-28
51055522,262,34.52,2024-11-26
7589698,263,160.53,2024-02-21
93190315,263,171.08,2023-09-04
77378810,263,146.39,2023-08-03
52932506,263,132.08,2024-01-29
18050614,263,164.28,2024-06-20
26368526,263,24.97,2023-10-07
79757640,264,67.3,2025-03-05
18727462,265,90.99,2024-08-30
73650297,265,43.72,2024-12-10
3754637,265,191.64,2024-11-23
29836602,265,53.9,2024-07-29
1972078,265,105.21,2025-01-25
99491979,265,190.88,2024-06-28
71700534,266,83.37,2024-11-27
35511080,266,127.34,2024-11-27
61258716,266,83.66,2024-04-08
41633750,266,111.34,2024-12-02
11785031,266,149.29,2024-11-15
61606993,266,178.41,2025-03-20
17808442,266,44.62,2025-03-24
65335263,266,175.35,2025-03-09
71853150,267,194.29,2024-06-07
47276598,267,46.61,2024-12-11
60663821,267,69.97,2024-11-20
6779249,267,61.13,2023-05-27
75766690,267,19.02,2023-08-28
41769160,267,89.18,2024-07-06
75640431,267,96.34,2023-11-05
82030272,267,119.5,2024-02-22
10305591,267,92.97,2024-06-26
45577934,268,93.49,2025-02-04
28600252,268,23.81,2025-01-28
46981470,268,23.55,2024-12-31
15333260,268,129.75,2024-06-27
27159748,268,143.43,2025-02-26
58178357,268,195.0,2024-11-28
36387163,268,56.81,2025-04-04
59017947,269,122.54,2025-04-15
13770274,269,42.39,2025-04-15
92699278,269,139.52,2025-04-15
3644115,269,75.99,2025-04-15
99721040,269,130.39,2025-04-15
3825625,269,195.91,2025-04-15
87918401,270,98.31,2024-05-29
52399100,270,16.34,2024-11-28
13208020,271,115.06,2024-11-18
91896798,272,178.52,2025-02-27
44503594,272,90.33,2025-03-30
21726656,272,191.93,2024-11-01
91112949,272,53.91,2025-03-03
23433382,272,157.93,2024-11-07
92614184,272,84.91,2024-11-22
46337495,272,192.67,2025-03-08
37706602,272,191.99,2024-12-10
74858613,272,94.34,2024-12-25
58954280,273,119.75,2024-09-21
10807852,273,87.66,2025-02-27
44895860,273,32.26,2023-12-21
24952749,273,161.13,2024-05-14
64304491,274,106.67,2025-01-13
97165839,274,48.35,2024-10-07
23929663,274,173.22,2024-08-06
28756761,274,137.89,2025-01-08
27089495,274,25.64,2024-08-31
22943722,274,47.66,2025-02-15
87737180,275,189.62,2025-02-07
38596086,275,125.08,2024-10-16
92970565,275,82.67,2024-05-30
11136887,275,95.2,2024-07-13
6430186,275,55.41,2025-01-20
63292592,275,195.98,2025-01-20
30354564,275,41.71,2025-01-10
64666345,275,169.22,2025-03-31
68759787,275,73.2,2024-04-28
2363551,276,75.6,2025-01-19
32024967,276,93.46,2025-04-03
41012072,277,148.39,2025-02-04
84370553,277,180.17,2025-02-28
33699590,277,172.44,2025-04-11
59701559,277,147.85,2025-01-28
93671017,277,45.64,2025-03-04
78498824,277,96.72,2025-01-23
3590025,277,88.77,2025-04-06
45612304,278,149.39,2025-01-28
69464775,278,191.22,2024-09-30
28108583,278,41.48,2024-12-26
57204249,278,121.42,2025-02-28
66768591,278,44.26,2025-01-11
63161128,278,77.83,2025-04-06
82423008,278,157.88,2024-12-14
64840299,279,84.91,2025-01-13
69832689,279,37.68,2025-03-16
72431070,279,124.24,2025-01-12
20597702,279,73.53,2025-04-15
91274517,279,90.97,2025-02-06
11999629,279,51.58,2025-04-13
30277669,279,178.08,2025-01-29
52741663,280,81.02,2023-09-03
73836885,280,130.16,2024-09-03
98503913,280,90.28,2023-08-08
43191291,280,16.42,2024-01-08
20330711,280,194.56,2024-03-23
18059218,280,94.26,2024-07-29
12477555,280,117.64,2024-01-15
98689692,280,163.33,2024-09-08
36511275,280,48.9,2024-11-27
51329174,281,155.15,2025-01-16
39471186,281,72.26,2025-01-06
57477984,281,82.39,2024-11-07
55267121,282,52.19,2024-11-16
37704517,282,149.77,2023-11-12
7503882,282,166.49,2024-12-31
51369686,283,185.22,2025-03-27
26163593,283,190.15,2025-02-18
91257874,283,132.25,2025-04-10
68804158,283,153.12,2024-12-29
31921762,283,108.6,2024-12-04
75030276,283,27.91,2025-01-31
50322901,283,112.43,2025-04-07
20876307,283,134.09,2025-02-07
24206226,284,98.68,2024-09-20
68593850,284,97.81,2024-07-26
20625601,284,75.41,2024-06-18
86897221,284,150.77,2024-10-06
99650487,284,89.85,2024-08-16
61749063,284,87.5,2023-11-19
43280730,284,141.71,2024-07-12
66938684,285,143.74,2025-01-09
12716662,285,26.02,2024-07-31
64396581,285,182.7,2024-09-19
11514232,285,190.74,2024-09-27
27840853,286,81.41,2025-03-30
84705275,286,154.28,2024-07-31
9441009,286,186.57,2024-02-05
62571265,286,180.13,2024-02-13
87342385,286,68.37,2024-11-22
60195053,286,97.05,2024-12-31
14981468,286,82.08,2024-09-28
40304324,286,171.2,2024-09-11
73395782,286,56.74,2024-10-30
89984998,286,157.39,2024-12-23
87084519,287,45.3,2024-09-02
57566836,287,185.56,2024-11-25
83738502,288,67.81,2024-11-02
78407591,288,115.73,2024-04-02
30952647,288,151.04,2023-11-08
75548973,288,117.44,2024-03-07
78053196,288,163.5,2023-12-26
92195274,288,114.49,2023-11-11
1988471,288,59.62,2024-03-09
17477972,288,123.34,2025-03-07
64334007,288,59.08,2025-02-06
50346595,288,141.11,2025-02-05
4238027,289,56.29,2025-02-22
40397596,289,30.06,2024-12-28
50003034,289,197.6,2025-04-07
6311636,289,167.41,2025-03-16
18513234,289,109.58,2025-01-06
692757,289,24.89,2025-02-25
4548075,289,74.82,2024-12-12
12241665,289,155.61,2025-03-28
32952512,289,176.46,2024-12-02
73377525,289,167.9,2025-02-21
8823665,290,189.04,2025-03-07
81105990,290,114.06,2025-01-21
7923328,290,46.04,2024-09-27
11199557,290,117.19,2025-03-30
2612156,291,79.0,2023-11-20
94822879,291,68.0,2023-08-15
90747340,291,116.87,2023-05-31
31882145,291,36.75,2025-02-26
47414245,291,49.45,2024-07-30
51178475,291,191.32,2025-02-03
74275930,291,13.01,2024-11-18
95703631,291,13.57,2024-11-01
71777264,291,195.0,2023-09-04
88907557,292,53.27,2025-02-16
76406532,292,130.44,2024-12-24
63585177,292,176.92,2024-10-09
8509952,292,72.87,2024-07-07
15946072,292,80.26,2024-11-30
44012953,292,71.7,2024-09-30
1184554,292,104.35,2025-04-08
82554145,292,32.68,2024-06-16
17143019,292,97.05,2024-07-20
31381922,292,108.09,2024-09-23
82997512,293,52.21,2024-06-18
16879468,293,129.92,2024-01-20
31034863,293,55.4,2025-03-20
40363082,293,67.05,2024-05-23
92206858,293,69.1,2024-03-07
63251490,294,96.66,2024-04-14
80338211,294,126.33,2023-08-09
80097473,294,45.79,2024-08-17
52093669,294,36.32,2025-01-27
9128015,294,126.42,2024-08-10
74808569,294,129.47,2025-02-23
6788980,294,172.13,2023-09-27
53287403,294,159.07,2024-10-27
29688791,294,39.83,2024-11-19
11709194,295,80.04,2024-11-09
77617848,295,37.33,2024-05-02
82343654,295,61.07,2023-12-20
72250723,295,15.92,2024-05-22
17922348,295,169.88,2024-07-15
37752806,296,76.92,2023-11-27
42672098,296,66.44,2025-01-01
71472125,296,67.16,2024-03-24
96977198,296,53.26,2023-11-13
11607047,296,129.06,2024-09-05
89612912,296,13.92,2024-09-06
23812489,297,189.17,2024-02-05
20922201,297,192.49,2025-03-27
82118117,297,42.96,2024-03-23
72891236,298,128.13,2025-01-16
42394116,298,177.0,2024-12-21
16083996,298,25.14,2024-07-30
97178517,299,101.95,2025-03-17
9560260,299,169.59,2025-04-03
73240747,299,165.11,2025-04-05
35624183,299,27.5,2025-02-16
37174133,300,87.84,2025-01-29
79335153,301,39.51,2024-06-25
14273422,301,36.02,2024-07-05
88113476,301,139.86,2024-12-04
24277426,301,77.17,2025-04-07
36047718,301,172.38,2024-06-09
66712283,301,174.45,2024-11-17
85528939,301,148.84,2024-12-05
34646659,301,22.48,2025-01-01
24834833,302,88.27,2025-02-24
27884636,302,23.86,2024-09-21
20339489,302,74.84,2025-03-14
9769560,302,178.95,2024-10-28
67075815,302,103.46,2024-12-03
96476533,302,124.13,2025-04-11
31060126,302,79.08,2024-12-29
98372191,302,24.52,2024-11-23
51271256,302,37.45,2024-09-15
15958895,303,192.79,2024-12-26
81713948,303,118.34,2024-12-14
11819152,303,15.58,2024-12-19
72264817,303,103.14,2025-01-23
18595592,303,94.55,2025-01-30
21454070,304,186.47,2025-03-28
76993376,304,133.39,2024-12-05
31673088,304,73.93,2025-02-16
57560146,304,165.02,2024-11-21
83832435,304,135.07,2024-12-28
71426986,305,112.6,2025-02-16
67403678,305,25.92,2024-12-12
56265595,305,188.11,2024-04-30
9635571,305,124.36,2023-12-19
93677559,305,189.63,2023-11-13
14013327,305,114.59,2024-02-14
13037952,305,143.24,2024-09-05
43764226,305,43.53,2025-02-04
82409125,306,184.94,2024-12-15
46196683,306,192.44,2025-01-17
48197374,306,77.71,2025-02-01
53434728,306,74.64,2025-01-25
69512623,307,10.78,2024-07-27
40644222,307,198.97,2024-03-31
52697129,308,155.49,2024-11-15
23205362,308,99.28,2025-03-25
46384120,308,76.47,2024-11-12
48084948,308,67.46,2024-09-09
49699567,308,43.44,2025-02-02
99648497,308,14.7,2024-08-20
58776257,309,17.19,2025-03-09
76570604,309,22.62,2025-03-13
10049616,309,177.1,2025-03-17
14146144,309,170.25,2025-04-05
99586328,309,20.13,2025-03-25
97020556,309,49.29,2025-03-01
5708612,310,199.95,2024-09-22
64071789,310,145.55,2024-10-30
57132500,310,195.42,2024-09-09
17910659,310,88.41,2025-01-12
82001578,310,51.76,2024-10-18
75330407,310,89.51,2024-09-21
25063651,310,163.88,2024-07-29
57487134,310,117.53,2024-07-10
73305666,310,15.31,2025-01-15
38466985,310,144.89,2025-01-23
52054328,311,29.99,2024-02-07
29977749,311,79.52,2025-02-14
95670536,311,49.56,2024-02-18
26283411,312,169.49,2024-01-14
63618507,312,160.59,2024-04-09
74857053,312,29.53,2025-03-22
15833679,312,138.96,2025-03-08
86154675,312,65.65,2024-03-13
17843913,312,10.21,2024-11-27
13382224,313,47.12,2024-10-07
19934641,313,57.85,2023-12-05
86490772,313,153.14,2024-09-18
62128349,313,57.09,2024-11-25
11596574,313,156.46,2024-06-03
4827852,313,47.41,2024-08-14
26229683,313,156.45,2024-12-11
78029905,313,133.31,2024-10-17
65098381,313,171.25,2025-02-13
89512726,314,111.58,2025-01-03
75755499,314,61.35,2024-05-24
95573506,314,91.12,2024-07-29
32294485,314,167.29,2024-06-26
15759728,314,73.74,2025-04-06
74254305,314,153.78,2024-04-08
48873587,314,35.48,2024-01-10
36499899,315,119.61,2024-04-08
62134800,315,10.24,2025-03-17
14183051,316,147.93,2024-12-30
18857121,316,133.01,2024-09-21
71743040,316,153.41,2024-07-30
65878178,316,99.81,2024-09-15
63638911,316,153.1,2025-03-07
13732531,316,189.98,2025-04-09
44819243,316,171.66,2024-09-07
72964612,316,156.28,2025-01-10
38538680,317,125.67,2025-01-17
58780164,317,165.48,2025-03-08
42781684,317,158.34,2024-07-29
42590865,317,111.98,2024-12-05
91828378,317,124.02,2025-04-02
28621860,317,141.53,2025-03-25
36150800,317,142.58,2024-06-28
69128883,317,57.33,2024-11-29
6974336,317,22.79,2024-12-31
38306778,317,170.38,2024-07-12
31995253,318,198.15,2025-01-14
81333810,318,39.57,2025-02-14
52872877,318,22.02,2025-03-17
42747341,318,184.23,2025-02-05
71736914,318,18.67,2025-04-10
97318532,318,86.73,2025-02-24
42548669,318,178.92,2025-04-02
16040277,319,13.9,2025-04-10
80692036,319,151.34,2025-02-15
7957898,319,79.67,2025-03-27
74114373,319,87.11,2025-03-27
85037439,319,68.52,2025-02-22
37998291,319,137.87,2025-02-04
50741431,320,96.45,2024-08-13
91446718,321,59.23,2025-04-06
91848438,321,86.68,2025-04-01
91460670,321,126.5,2025-04-14
58868136,321,144.65,2025-03-19
72912204,321,170.28,2025-03-28
50457974,321,121.66,2025-03-20
80117919,321,175.3,2025-03-09
28247577,322,140.39,2024-05-30
29802408,323,168.1,2024-12-23
71671033,323,154.12,2024-11-17
35210173,323,84.3,2023-12-06
47621707,323,84.44,2024-01-11
23720491,323,73.14,2024-11-06
52107467,324,100.24,2025-04-01
29390555,324,177.27,2025-03-31
89920321,324,194.05,2025-04-05
93697525,324,46.06,2025-04-04
32727315,324,37.87,2025-04-09
7253246,324,88.01,2025-04-06
57969564,324,102.48,2025-03-31
39622260,324,33.32,2025-04-07
18342073,324,44.12,2025-04-11
35073033,324,173.36,2025-04-09
54590694,325,190.96,2023-09-07
31102714,325,177.59,2024-06-09
10129038,325,190.3,2024-11-19
18691136,326,16.51,2025-04-10
94363572,326,66.42,2025-04-02
61876126,326,140.03,2025-04-14
9691391,326,122.41,2025-04-11
3689384,326,168.27,2025-04-04
78371291,326,167.37,2025-03-27
82344729,326,65.93,2025-04-15
34278755,326,191.48,2025-04-12
1731683,327,17.62,2025-02-21
35151891,327,157.79,2025-01-09
58285924,327,140.26,2023-12-01
58978633,327,73.27,2025-02-02
63908550,327,148.19,2024-06-21
83511839,327,22.68,2024-07-30
3844885,327,40.21,2024-10-09
8924189,327,91.67,2024-04-20
36399164,327,14.55,2024-07-22
40149010,328,93.73,2025-04-09
44251170,329,88.09,2025-03-28
65701883,330,140.97,2025-02-26
3552723,330,22.79,2024-12-21
58821599,330,91.01,2025-01-17
90130342,330,178.0,2024-10-27
55828585,330,119.65,2025-02-05
23712339,331,80.89,2025-03-23
60259968,331,58.02,2025-03-25
53423472,331,119.11,2025-03-08
29121268,331,30.36,2025-02-15
90871813,331,58.27,2025-03-26
42052914,332,82.16,2024-09-13
28841612,332,166.45,2024-03-12
90474259,332,65.97,2024-03-18
35608061,332,195.34,2024-07-20
13521801,332,51.56,2023-06-02
9178977,332,59.16,2024-03-11
61674987,332,74.5,2023-11-25
19223937,332,110.91,2024-02-18
4244024,332,113.07,2023-09-07
61703044,332,82.22,2023-09-21
19302409,333,39.9,2024-10-04
47971420,333,37.37,2024-10-10
79162903,333,128.93,2024-10-23
78385970,333,193.26,2023-10-23
47693563,333,194.61,2024-09-26
71783710,333,84.46,2025-04-09
8003533,333,97.97,2024-01-31
5453481,333,22.83,2024-09-29
98900235,334,37.21,2025-04-03
42248670,335,95.32,2025-04-04
64571300,335,10.28,2023-12-06
84624302,335,174.11,2024-08-17
20698634,335,111.51,2023-09-26
45712684,335,52.03,2024-07-20
66980087,335,125.42,2023-09-14
99677316,335,196.53,2024-05-19
96894268,336,56.58,2024-06-08
99981435,336,73.18,2024-03-14
7465563,336,35.9,2024-01-10
40241808,336,78.77,2024-10-08
63024637,336,174.2,2024-05-02
86990774,336,134.78,2025-01-12
23893360,336,179.87,2024-11-21
28791835,336,127.93,2024-01-28
14510001,337,99.92,2024-11-30
49847329,337,191.39,2025-03-05
77581919,337,157.21,2025-02-23
81059646,337,59.38,2025-01-10
85669227,337,167.33,2025-01-11
98202656,337,59.06,2024-12-09
99840092,337,44.56,2024-10-25
23783348,337,78.57,2025-04-03
73146491,337,157.43,2025-01-03
3421332,338,66.9,2024-08-21
26180811,338,73.13,2025-03-05
83445711,338,155.59,2025-01-15
37853325,338,74.16,2024-11-02
13678404,338,83.94,2024-09-01
38754786,338,51.33,2024-09-12
19034178,338,92.53,2024-12-12
74676090,339,197.93,2024-11-21
79389251,339,42.55,2024-09-23
47591350,339,114.84,2024-07-29
18952151,339,115.35,2024-05-01
12882600,339,119.7,2023-12-14
5533556,340,170.14,2023-10-23
33644615,340,83.49,2023-07-11
74288289,340,12.32,2023-09-10
52108687,340,19.19,2023-07-15
69371685,341,29.82,2025-02-04
94065991,341,70.26,2025-02-06
78420584,341,44.96,2025-02-19
78564806,342,135.1,2023-08-02
90311905,342,106.7,2024-06-25
95937598,342,158.84,2024-04-05
73404497,342,137.95,2024-07-16
8189826,342,182.22,2024-02-23
84630601,342,110.26,2024-04-11
14261694,342,189.68,2023-11-18
51622888,342,151.52,2025-02-11
55047872,343,94.98,2023-12-29
97712948,343,146.31,2023-10-30
57102850,343,138.6,2024-08-13
50806350,343,50.97,2024-05-07
99761905,343,162.06,2024-08-30
69381847,343,19.77,2023-10-06
65121105,344,175.87,2025-03-15
83103237,344,18.96,2025-03-27
9209017,344,138.8,2025-03-03
7317198,344,88.61,2025-03-07
21454225,344,126.79,2025-02-18
90459429,344,85.76,2025-03-09
2642498,344,18.9,2025-02-13
92319435,344,191.28,2025-03-18
94888236,344,14.64,2025-04-10
95284652,344,100.97,2025-04-04
12385333,345,67.42,2024-06-12
5036630,345,159.33,2023-12-09
68461636,345,30.88,2024-01-30
38599700,345,93.34,2025-03-22
42311214,345,121.55,2024-01-08
26282304,345,72.29,2024-10-21
31459616,345,159.43,2024-08-16
86371043,345,189.98,2025-03-15
95877020,345,63.24,2025-01-04
825866,346,17.3,2024-10-27
96758714,347,117.2,2024-03-28
20722530,348,69.09,2024-12-22
25855715,349,165.61,2025-03-01
30307896,349,26.27,2025-02-02
95392916,350,62.77,2024-06-08
56606702,350,103.29,2024-07-31
17191389,350,93.42,2025-02-08
88324093,350,118.2,2025-03-18
11782362,350,133.04,2025-03-26
10187942,350,10.32,2024-10-25
50501834,351,104.19,2024-12-18
31155810,351,147.13,2025-01-28
52919969,351,41.38,2024-09-10
40564293,351,180.85,2025-01-11
22253710,351,140.36,2025-03-07
30796425,351,39.82,2024-11-15
26771509,352,96.82,2025-03-25
65559111,352,47.97,2025-02-02
82749003,352,175.37,2024-12-22
16796170,352,49.15,2025-03-25
69849346,352,11.39,2024-06-08
92139248,353,88.82,2025-04-11
58513836,353,187.65,2025-04-11
30810505,353,39.2,2025-04-09
23122794,353,80.65,2025-04-03
799486,353,156.41,2025-04-10
65823246,353,113.63,2025-04-13
68016445,354,90.02,2025-04-12
3520415,354,21.44,2025-04-14
83055608,354,107.47,2025-04-15
19273361,354,19.38,2025-04-14
29321211,354,124.11,2025-04-13
4136183,354,49.92,2025-04-15
48467673,354,196.04,2025-04-12
20255008,355,106.87,2025-03-14
1855734,355,53.0,2025-02-05
61891043,356,186.73,2025-03-08
92425719,356,160.33,2024-06-07
53563147,356,147.8,2024-01-20
64951284,356,197.67,2024-06-10
1076777,356,90.83,2024-09-06
20230647,357,147.83,2025-02-03
97466505,357,12.15,2024-12-09
33249877,357,99.27,2024-06-22
43494182,358,189.46,2025-01-20
19651667,358,100.12,2024-09-24
17674989,358,155.78,2024-07-23
38106328,358,64.69,2025-01-10
25230255,358,78.62,2023-07-01
25601551,358,88.52,2023-06-12
72235599,358,59.1,2025-01-20
1331743,358,118.45,2024-03-07
1146940,359,25.39,2025-01-25
20341875,359,37.12,2024-07-05
35646474,359,77.31,2024-08-19
89174934,360,16.51,2023-12-16
33326709,360,137.53,2024-08-07
85185422,360,133.26,2025-03-29
38082408,360,91.3,2024-12-30
18166520,361,151.84,2025-04-14
97115494,361,68.35,2025-04-02
98603248,361,121.55,2025-04-15
60993747,362,59.91,2025-01-11
30036135,362,75.1,2025-03-17
86128587,362,23.25,2024-12-24
72817067,362,106.78,2025-01-16
32274274,362,76.04,2025-01-08
97815701,363,120.98,2025-03-16
38859603,363,29.9,2024-12-26
52924355,363,142.13,2025-03-30
52085501,363,37.53,2025-03-13
44608446,363,20.87,2025-03-03
48117724,363,137.3,2025-03-19
4499271,363,197.42,2024-10-23
60483946,363,76.94,2024-10-09
40757092,364,126.73,2025-03-12
59043283,364,120.17,2025-03-19
5949265,364,122.32,2025-03-09
61931219,364,170.48,2025-03-05
71202598,364,69.97,2025-03-03
46037004,365,159.89,2024-02-24
60241256,365,68.89,2024-02-22
68914897,365,98.04,2024-04-27
57390540,365,59.0,2024-03-29
27505826,365,158.41,2024-02-28
82639883,365,83.62,2024-07-14
69803975,365,188.67,2024-11-18
26513875,366,108.86,2024-06-25
2201802,366,22.28,2024-10-14
31126766,366,159.57,2025-03-14
46193760,366,139.58,2024-09-21
51094523,367,54.83,2025-03-02
81726674,367,143.49,2025-03-09
79696020,367,89.91,2023-07-08
90284,367,131.15,2024-10-21
28149617,367,97.44,2024-09-07
63028059,367,161.38,2024-05-12
30409598,367,148.8,2023-10-26
93356940,367,178.21,2024-10-15
29405804,368,142.42,2025-03-10
61348740,368,29.6,2025-03-09
97644021,369,84.39,2024-06-02
7805107,369,66.57,2024-11-26
67450043,369,186.54,2025-01-04
2814412,369,45.46,2023-08-27
81282104,369,79.96,2023-12-11
49166598,370,40.95,2025-04-11
1413532,370,68.89,2025-03-04
23014563,370,163.66,2025-04-03
93710371,371,168.95,2024-01-08
56283730,372,127.68,2025-02-10
3334315,372,91.53,2025-02-05
19934523,372,98.69,2025-04-08
78477938,372,98.99,2025-02-26
45233065,372,40.4,2025-03-25
40519805,372,39.91,2025-03-04
15350640,372,22.71,2025-01-27
73431858,372,85.67,2025-03-18
42673126,372,48.48,2025-02-09
69796304,373,75.67,2025-03-11
57198236,373,17.25,2024-01-24
88905201,373,142.57,2025-02-03
50406705,373,181.17,2024-10-01
17808625,373,112.01,2024-03-09
88849761,373,145.03,2024-04-09
29433626,373,98.67,2024-06-15
34792320,374,19.7,2025-04-05
80025914,374,142.99,2025-01-23
29058850,374,55.57,2024-10-20
77671045,374,43.04,2025-03-19
75096580,374,162.19,2024-10-22
71846807,374,146.21,2024-08-08
48814644,375,70.87,2024-11-20
35804097,375,176.46,2023-09-22
21243612,375,196.21,2024-04-11
89347606,375,15.19,2024-08-11
84273514,376,40.52,2024-10-21
96969159,376,25.22,2025-03-19
81711481,376,172.32,2025-01-02
88076616,376,184.47,2025-04-07
92102384,376,24.77,2024-12-30
98531084,376,190.58,2024-07-24
41526034,376,198.14,2024-10-22
52631306,376,126.09,2024-12-02
23074082,376,36.52,2024-05-07
75084537,376,126.89,2024-10-02
49554850,377,68.66,2025-03-31
41728910,377,103.85,2025-01-07
59514816,377,26.36,2024-05-28
4667336,377,174.83,2024-07-19
49310969,377,119.81,2024-09-14
36222876,377,79.2,2024-07-17
8930493,377,102.38,2025-01-02
90418262,377,55.95,2024-11-06
53932255,378,73.43,2025-03-14
74107459,378,78.1,2024-08-19
53153919,379,143.66,2025-01-31
11649111,380,117.73,2024-10-27
27866475,380,85.2,2024-07-10
74442755,380,79.13,2025-02-26
60941920,380,134.17,2024-07-05
46121912,380,187.42,2025-01-04
76733573,380,73.67,2025-03-14
72353890,381,66.49,2024-11-22
12785208,381,57.9,2024-11-30
92588277,381,42.21,2025-02-15
2197689,382,59.33,2025-02-07
73578752,382,145.55,2025-03-06
94676331,382,68.89,2025-04-10
47490094,382,195.93,2025-01-27
75851605,382,50.96,2025-03-16
46396205,382,104.08,2025-03-14
90522512,382,128.48,2025-04-05
14068949,382,90.69,2025-03-07
85464086,382,136.17,2025-04-13
43856988,383,129.38,2025-01-30
60534076,383,189.09,2025-01-03
75480386,383,51.66,2025-02-22
24093845,383,172.65,2025-03-10
20351341,383,127.8,2024-12-30
19403999,383,19.64,2025-01-15
31970099,383,146.22,2025-03-07
90028859,383,71.79,2025-02-06
73659647,383,192.77,2025-04-14
2921498,383,60.04,2025-03-17
97414222,384,142.19,2025-04-02
44708440,384,25.26,2025-03-14
5252308,384,79.86,2025-03-06
50177284,384,41.89,2025-02-16
60638585,384,24.05,2025-01-29
96144129,384,14.08,2024-11-26
51584701,384,125.58,2025-02-14
61693904,384,142.67,2024-11-24
49467081,385,115.44,2025-03-31
986364,385,82.06,2024-11-13
97662541,385,176.58,2024-10-10
34751640,385,83.59,2024-11-26
88173674,385,98.66,2024-06-04
71363220,386,87.72,2025-03-28
44307706,386,79.18,2025-02-10
14321108,386,122.62,2025-03-13
15693906,386,13.96,2025-03-04
59895905,386,167.79,2025-03-24
55859168,386,18.31,2025-04-09
21459984,386,166.03,2025-01-26
16260022,387,91.13,2025-03-06
81123511,387,18.87,2025-03-15
53583272,387,158.56,2025-03-13
30917915,387,123.99,2025-01-05
87152059,387,116.85,2025-03-11
82645392,388,150.16,2025-04-12
44946347,388,10.18,2025-03-30
45477481,388,68.38,2025-03-15
86930217,389,199.97,2024-11-26
14358454,389,83.42,2024-06-03
39077697,389,33.51,2025-02-06
90573086,389,93.1,2024-12-14
58163690,389,80.15,2024-10-13
10548737,389,93.47,2025-03-26
77109549,389,56.02,2025-02-21
43987366,389,105.7,2024-05-26
54733423,390,13.31,2024-11-20
14237282,390,104.5,2025-02-26
76373638,390,50.6,2024-09-19
32460503,390,119.65,2024-10-31
57011978,390,10.79,2025-02-16
23063981,390,88.72,2024-09-04
72300571,390,104.99,2024-12-21
33869070,390,95.35,2024-12-14
60556843,391,84.51,2024-11-06
23368649,391,92.07,2025-01-14
48843000,392,31.36,2023-11-25
69410501,392,80.03,2024-09-08
38099706,392,81.23,2024-09-16
91999330,392,28.53,2024-08-08
92273094,392,40.93,2024-07-15
70964585,393,152.47,2025-03-14
43559670,393,47.97,2025-01-03
34241219,393,98.82,2024-06-25
91664369,393,46.86,2024-09-06
37749623,393,146.42,2024-10-18
93617765,393,127.75,2025-02-01
39304718,393,165.08,2024-11-25
48363559,393,56.92,2024-09-27
67875887,393,166.46,2024-11-02
8622796,394,65.78,2024-02-23
84520594,394,132.36,2024-12-18
58137446,394,106.56,2024-06-06
22347175,395,128.11,2025-01-28
83757386,395,195.59,2025-04-03
16400613,396,87.34,2024-12-24
90193672,396,165.18,2024-07-23
46666737,396,162.58,2024-09-06
84595064,396,14.72,2025-01-22
98366219,396,116.15,2024-09-23
31399895,396,97.99,2024-09-04
76047318,397,36.54,2024-10-19
66185337,397,155.39,2025-02-02
84500367,397,45.28,2024-03-15
29121491,397,118.37,2024-08-04
97092844,397,124.22,2024-08-12
97935527,397,119.56,2024-07-20
12587880,397,107.5,2025-02-13
88924324,397,72.8,2024-06-03
78844522,397,151.97,2024-02-19
86003761,398,183.36,2025-01-08
85351103,398,66.9,2024-11-20
74037299,398,119.95,2024-10-25
33822654,398,82.21,2025-02-27
37089652,398,165.26,2024-11-04
59133655,399,168.14,2025-03-07
19685244,399,37.43,2024-08-17
79925717,399,113.67,2024-07-26
79376266,399,93.19,2024-09-25
66233316,399,64.97,2024-12-15
1448687,399,193.02,2025-01-27
30741277,400,90.38,2025-02-08
49469597,400,48.24,2025-01-10
34718746,400,196.21,2024-11-09
99669486,400,166.26,2025-02-04
82387761,400,147.84,2025-04-03
65802977,400,181.2,2024-11-08
5363851,401,107.75,2024-12-24
90303899,401,150.31,2025-02-24
59803871,401,63.91,2025-02-10
33394944,401,50.51,2025-03-13
72722123,401,193.54,2024-10-19
26771549,402,183.58,2025-03-09
68268248,403,151.74,2025-01-10
82286470,403,21.09,2024-12-19
17544379,404,24.03,2024-12-02
50682394,404,16.75,2024-09-03
57115661,404,119.57,2025-01-10
62631893,404,36.53,2024-09-18
21320319,404,74.12,2024-12-10
30883777,404,143.51,2024-08-31
66096613,404,187.13,2024-12-03
17349026,404,170.24,2024-06-14
12972109,404,79.13,2024-03-25
89601240,404,10.54,2024-10-13
85402290,405,53.95,2024-08-10
42158371,405,86.47,2024-10-25
71785142,405,25.34,2025-01-14
44809140,405,26.22,2024-04-14
64445132,405,51.94,2024-03-19
90457771,405,96.26,2024-07-16
16075547,405,70.68,2024-11-19
61612637,405,18.33,2025-01-12
24279483,405,108.22,2024-08-05
439396,405,53.91,2024-07-12
80575544,406,49.62,2024-10-07
88111061,406,149.15,2024-12-25
46644049,406,14.12,2024-09-18
34907965,407,177.25,2024-07-31
28437279,407,160.2,2025-01-06
9542827,407,160.99,2024-12-05
92641594,407,135.3,2024-12-21
58117367,407,129.74,2024-12-31
59859177,408,122.81,2024-09-06
66690820,409,145.88,2025-04-11
10813736,409,188.62,2025-04-10
68902085,409,192.78,2025-04-14
4969161,409,143.62,2025-04-12
8396196,409,173.56,2025-04-14
5290187,409,151.19,2025-04-13
31083546,409,10.01,2025-04-10
27183895,409,50.38,2025-04-15
22124894,409,41.67,2025-04-12
13816864,409,29.55,2025-04-10
98070335,410,120.54,2025-02-15
61468344,410,98.68,2023-11-11
40886822,410,188.08,2025-03-16
36202190,410,29.38,2024-11-09
16968224,410,199.97,2023-11-03
98013378,410,86.43,2024-05-12
92996416,410,140.13,2024-06-04
98254229,410,59.64,2023-09-03
5957292,410,102.82,2024-05-26
60452257,411,149.68,2025-04-06
76691828,411,56.33,2025-03-08
27873280,411,192.97,2025-03-11
4008080,411,178.0,2025-03-20
22638570,411,159.74,2025-04-09
73878590,412,140.56,2024-11-07
66127979,412,169.27,2024-08-20
95772244,412,119.59,2024-11-10
85644799,412,100.83,2024-06-14
66018418,412,152.65,2024-11-10
46376123,413,162.69,2025-03-03
69047464,413,142.08,2025-04-14
3278594,413,165.59,2025-03-20
16049607,413,17.26,2025-02-04
7300016,413,89.33,2025-02-19
27135847,413,114.59,2025-04-05
18006791,413,51.48,2025-03-11
95979263,413,45.67,2025-02-12
97378581,413,187.95,2025-03-22
20437564,414,18.34,2024-10-21
96550131,414,94.46,2024-10-16
16539381,414,112.45,2024-10-11
33333883,414,125.12,2024-10-04
40033050,414,159.46,2025-04-06
74982132,414,49.13,2025-02-25
81243885,414,173.92,2024-06-04
94100627,414,36.82,2024-10-17
80011291,414,44.06,2025-04-10
74652467,415,189.09,2025-04-13
66305058,415,116.93,2024-05-27
41044773,415,148.89,2024-08-13
41726655,415,149.82,2024-08-31
33315733,415,194.51,2025-04-04
84353853,415,168.66,2025-03-25
57573574,415,129.43,2024-12-26
90920268,415,47.55,2024-05-21
20779103,416,163.53,2024-10-13
65116362,416,38.37,2024-04-04
13510462,416,168.45,2023-12-22
89150094,416,120.08,2024-09-27
7478931,416,66.75,2023-12-23
73211347,416,117.81,2024-08-26
94024284,417,194.96,2025-02-27
91308924,418,152.55,2024-09-22
32806685,418,56.04,2023-10-31
24736114,418,31.75,2024-12-22
1292282,418,59.69,2024-10-18
9878107,418,141.73,2024-03-20
89657626,418,44.36,2024-06-16
45379374,418,69.13,2023-09-11
82276586,418,52.86,2024-12-16
11681307,418,194.74,2023-10-17
99076965,419,114.07,2025-02-13
1173924,419,17.08,2024-05-20
6620602,419,136.51,2024-03-14
47693657,420,166.74,2024-12-24
4032859,420,164.92,2025-01-29
64125078,421,35.74,2024-04-28
72107824,422,145.92,2025-03-18
71182211,422,11.32,2024-07-06
37128958,422,157.83,2025-02-01
94846657,423,37.22,2025-03-02
95971544,423,184.36,2025-01-28
63440268,423,42.25,2023-09-26
44881611,423,163.91,2025-03-11
61261620,423,99.81,2024-02-10
68145065,423,172.51,2024-10-26
44953479,423,104.05,2024-06-07
8471773,424,18.34,2024-09-13
55869324,424,166.16,2025-02-15
12199057,424,76.55,2025-03-27
90957482,424,20.57,2025-02-09
46867508,424,52.05,2024-07-03
55035255,424,186.24,2024-09-24
46651923,424,180.52,2024-12-16
79166455,425,168.62,2025-01-22
49822609,426,28.79,2024-12-15
32747238,427,86.56,2025-01-12
88462104,427,151.69,2025-02-04
60945125,428,80.24,2024-11-03
64988719,428,40.66,2024-09-22
91516621,428,105.65,2024-09-01
69091418,428,130.59,2024-05-05
64666330,428,181.25,2025-04-02
21880738,428,67.37,2024-06-28
12304665,428,85.76,2024-05-02
68133012,429,127.69,2024-10-17
94460418,429,119.52,2024-12-03
32492176,429,186.05,2024-09-03
22143687,429,109.56,2024-02-06
37122186,429,39.38,2024-11-16
24242321,429,27.52,2024-02-19
44887190,429,102.68,2024-08-24
69933656,429,185.47,2024-05-04
9951751,430,59.95,2025-04-14
93491734,430,26.53,2025-04-06
48502,430,38.11,2025-04-06
94215207,430,118.84,2025-03-30
26248359,430,175.18,2025-04-08
29727172,430,11.31,2025-04-03
80983700,430,34.76,2025-03-31
20249659,430,128.76,2025-03-26
61618697,431,49.51,2025-01-08
54450265,431,190.19,2025-02-15
90226349,431,52.87,2025-01-10
61516747,431,32.45,2025-03-10
83811456,431,123.9,2025-03-03
65452993,431,177.61,2025-02-08
38339447,431,100.53,2025-01-23
75416902,432,125.62,2024-08-28
5019192,432,177.93,2025-03-28
97868113,432,191.79,2024-10-21
81051432,432,90.12,2024-06-02
81017966,432,82.39,2024-03-07
38645919,432,32.5,2023-11-12
67916051,432,146.02,2025-02-11
81816118,432,14.15,2024-06-30
76642675,432,71.39,2024-06-22
75618907,432,187.45,2025-04-09
29409960,433,192.68,2025-04-15
82347346,433,55.55,2025-03-14
66424633,433,19.38,2025-03-21
48525866,433,145.24,2025-03-31
40727047,433,138.68,2025-03-21
20050631,433,136.64,2025-04-03
11032997,434,12.3,2025-02-27
17007312,434,121.73,2025-02-02
31007849,435,164.48,2024-12-14
72950067,435,84.63,2024-12-11
62326281,435,51.95,2025-04-10
34627296,435,172.48,2025-03-07
6679000,435,14.86,2024-10-27
75735893,435,65.54,2025-02-24
15355859,435,134.6,2025-01-25
83660973,435,135.29,2025-01-31
2101872,436,157.59,2024-08-28
22119748,436,183.58,2024-07-28
5069944,436,59.25,2024-02-02
66307942,436,96.04,2024-03-07
33349097,436,177.63,2024-05-18
88274916,437,192.83,2023-06-30
92127486,437,142.71,2024-03-30
82038778,437,186.68,2023-07-31
96849748,438,102.85,2025-04-14
61828860,438,50.64,2025-04-12
75482296,438,154.8,2025-03-22
79466152,438,166.39,2025-02-25
58060583,438,42.26,2025-03-03
75110569,438,181.21,2024-12-21
98533831,438,61.72,2025-01-11
53212642,438,54.48,2024-12-31
75701475,439,25.42,2024-11-21
35596987,439,58.37,2025-03-26
42858902,439,154.64,2025-01-23
17219662,440,100.43,2024-01-02
3353877,440,136.31,2024-10-22
51238654,440,35.14,2025-02-03
49322079,440,172.48,2023-12-02
974997,440,182.31,2023-05-16
84773303,441,87.28,2024-05-12
45285539,441,116.78,2024-07-19
58652125,441,40.56,2024-12-02
29324997,441,163.58,2025-03-21
4539316,442,115.71,2024-01-18
75004918,442,143.11,2023-10-21
2588164,442,140.65,2025-03-19
90906810,442,162.34,2023-11-29
43621814,442,25.37,2025-04-12
84344066,443,87.43,2024-02-28
45197293,443,131.42,2025-02-06
88394436,444,183.6,2024-05-08
66279056,444,86.76,2025-03-24
58803973,444,76.33,2024-05-30
44211706,444,92.26,2025-03-18
35713691,444,85.69,2023-09-02
66587615,444,186.7,2023-08-25
54619415,444,55.44,2023-10-26
88018094,444,18.14,2024-10-08
48622249,444,187.12,2024-08-07
76380036,445,151.44,2024-09-04
33080350,445,138.82,2024-08-18
4356372,445,185.08,2024-11-09
41235132,445,189.89,2024-12-26
69078575,445,118.56,2025-01-04
50798603,445,135.29,2025-04-13
76359350,445,16.85,2025-01-25
40276956,445,103.52,2024-12-02
68157289,445,51.19,2024-12-21
42785548,445,123.65,2024-12-28
40046699,446,72.95,2024-07-19
95023582,446,45.19,2024-11-04
60476122,446,188.55,2025-02-13
28569945,446,147.55,2024-06-27
82613527,446,53.33,2024-09-15
59949802,446,145.99,2024-07-03
34439684,446,102.87,2024-12-01
43896206,447,170.88,2025-03-28
75117600,448,69.58,2025-03-01
46506081,448,42.88,2025-02-17
53863256,448,120.89,2025-02-05
39025587,448,195.67,2025-03-24
56999326,448,68.59,2025-02-04
78389532,448,149.38,2025-01-23
22573327,448,190.69,2025-03-14
20345239,448,143.76,2025-01-29
82416018,449,123.66,2024-06-02
62547425,450,106.89,2024-06-03
25549986,450,187.69,2025-02-03
90795614,450,128.36,2024-06-05
74677101,450,12.42,2024-05-15
64991122,450,143.41,2025-03-24
37373464,450,198.93,2024-07-08
42675442,450,162.78,2024-07-22
62074098,451,67.02,2024-09-14
54508319,451,72.6,2025-02-12
37081567,452,41.03,2024-07-31
44072354,452,148.98,2025-03-25
22838472,452,91.27,2024-07-17
34377639,452,42.87,2024-10-26
20833832,452,124.84,2024-12-14
15800260,452,190.28,2024-09-03
79085931,453,29.16,2024-09-02
13799813,453,82.84,2024-12-17
32468433,453,152.92,2024-06-15
97951501,453,28.62,2024-05-25
72501067,453,142.71,2025-04-15
73188469,453,58.66,2025-04-04
96790610,454,104.9,2024-01-10
467137,454,194.51,2023-06-09
4702040,454,176.44,2025-02-27
65456522,454,76.1,2023-12-16
18456082,454,52.44,2023-09-22
55838222,455,147.77,2024-01-22
39040141,455,187.19,2023-12-24
16638191,455,179.04,2024-05-21
83686143,455,173.58,2024-07-12
73912424,455,72.52,2024-06-09
97153451,455,100.64,2024-12-27
30116725,455,186.19,2025-04-05
16399393,455,180.29,2025-04-11
72805537,455,32.68,2023-12-10
75091885,456,13.05,2024-12-10
51093748,457,47.4,2024-04-02
80081968,457,136.86,2024-10-22
17365395,457,118.33,2023-11-08
37065371,457,171.95,2024-10-11
49952135,457,158.37,2024-05-15
92861063,457,59.4,2024-08-20
38233018,457,116.43,2024-03-16
35977591,457,38.2,2024-04-03
49777839,458,83.55,2023-12-08
20294381,458,67.51,2024-07-23
58926412,458,35.71,2024-05-12
63345268,458,198.52,2024-02-09
28658189,458,13.74,2024-08-30
32721411,458,185.88,2024-01-24
84923598,458,30.41,2024-08-03
11897372,458,37.64,2025-01-04
92989132,459,92.8,2025-03-08
22232618,459,189.92,2024-05-26
88372540,459,170.77,2024-08-26
27505639,460,62.92,2025-01-02
88472777,460,195.84,2025-01-31
64202345,460,100.75,2025-02-04
69241642,461,151.44,2024-11-20
52309974,462,82.01,2023-12-06
72078972,462,125.61,2024-08-05
58673635,462,180.87,2024-10-23
69582114,462,40.06,2024-03-03
48027808,462,19.86,2025-01-23
75615560,462,78.04,2023-10-28
2942178,462,53.68,2024-07-18
42072223,462,139.59,2025-03-18
37879431,462,64.15,2024-09-04
19236921,463,59.32,2025-03-24
77476211,463,169.37,2024-12-16
31088302,463,18.33,2025-02-18
96705923,463,84.66,2024-12-01
75049868,463,74.21,2024-12-29
93593442,463,88.32,2025-03-31
84527977,463,102.8,2024-11-22
29624425,464,35.31,2024-12-08
87272169,464,161.27,2024-12-07
7691500,464,27.82,2024-12-07
74283861,464,107.81,2025-02-03
79042265,465,128.05,2024-12-26
52201115,465,186.43,2025-03-05
52534973,465,41.84,2025-01-18
32230485,466,21.03,2024-01-22
39627116,466,17.59,2024-12-16
56509900,466,113.09,2025-03-07
98477005,466,170.51,2024-08-20
18148163,466,193.53,2024-07-01
99819368,466,82.01,2023-11-25
54790763,466,96.92,2024-11-06
16012790,466,75.09,2024-06-26
80542310,467,150.41,2025-03-29
50532015,467,168.65,2025-02-02
42279523,467,22.17,2025-01-15
10325093,467,156.87,2025-04-01
40435954,467,181.1,2024-09-14
543660,467,87.69,2025-04-13
37912244,467,67.39,2024-06-24
62050393,467,112.54,2024-04-25
39213684,467,186.18,2024-10-03
30584781,467,192.73,2024-10-31
72551881,468,181.96,2025-02-07
51230847,468,72.3,2025-03-31
5738840,468,86.73,2025-01-11
6735649,468,17.51,2024-12-24
45614515,468,153.08,2024-04-16
78726257,468,110.18,2024-08-09
76030112,468,31.41,2025-03-27
55963800,468,31.59,2025-04-15
60806059,468,167.19,2023-09-27
87281521,469,13.08,2024-07-24
45899289,469,116.62,2024-01-07
26558559,469,195.39,2025-03-08
72225146,469,84.29,2024-05-24
27359926,469,26.87,2023-12-19
29269907,469,133.3,2024-11-21
15901153,469,58.99,2024-06-10
69990987,469,58.61,2024-03-19
31974734,469,15.86,2024-01-30
60593416,469,54.47,2024-02-27
60285767,470,152.42,2024-03-04
32121003,470,107.46,2024-03-05
74282671,470,144.44,2023-11-30
8921217,470,150.29,2023-10-15
32786807,470,13.89,2023-10-24
82243282,470,70.35,2024-05-26
1811642,471,73.18,2024-11-21
66838311,471,137.76,2024-07-27
58376918,471,18.44,2024-10-28
2662878,471,170.55,2023-11-22
54724048,471,108.51,2025-02-08
15657731,471,87.2,2024-01-21
69497357,471,180.12,2024-06-18
4373430,471,44.58,2024-10-01
65585161,471,83.38,2024-05-07
48458231,471,174.33,2023-12-29
40560045,472,199.94,2024-11-18
19132957,472,114.05,2025-01-07
45347966,472,38.43,2025-02-23
68755065,472,83.15,2025-01-31
48629407,472,153.59,2025-03-11
53779235,472,138.24,2024-12-08
31499745,472,119.89,2025-03-04
96151149,472,149.05,2025-04-12
8195859,472,183.05,2025-04-14
60336657,472,101.47,2024-12-13
46218617,473,181.56,2024-03-13
24163050,474,150.53,2024-04-07
53117690,474,58.22,2025-03-11
31250292,474,139.6,2024-05-19
42404729,474,29.02,2025-02-20
79899481,474,124.65,2024-11-25
32617884,474,58.55,2024-12-27
42771849,474,134.16,2025-01-01
87216285,475,60.39,2025-02-08
59479699,475,21.23,2024-01-06
13371194,475,105.72,2025-02-01
97523733,475,12.86,2024-02-19
36491281,475,105.78,2024-07-16
4185458,476,120.6,2025-03-27
27896758,476,103.84,2025-04-02
98241094,476,35.77,2025-03-03
69431397,477,101.37,2025-01-16
34768732,478,69.18,2024-06-16
60183294,478,27.53,2024-11-06
1524029,478,95.56,2023-11-25
47481614,478,114.34,2024-06-07
4513029,479,193.01,2024-09-18
74546673,479,84.5,2024-09-09
6128417,480,100.24,2025-01-23
25892113,480,44.82,2025-03-21
77713473,480,184.99,2024-10-01
1899035,480,87.2,2024-06-22
56465105,480,186.96,2024-05-25
84058287,480,156.74,2025-03-09
9736194,481,159.92,2025-03-19
38548507,481,70.96,2025-03-03
18183072,481,67.68,2025-02-25
41094038,481,83.12,2025-03-31
35813611,481,61.5,2025-02-21
17808174,481,184.96,2025-04-10
31090413,481,74.65,2025-03-19
77570429,481,18.55,2025-03-15
35589314,481,82.13,2025-03-10
53048678,482,91.88,2025-01-19
44053503,482,96.21,2024-09-29
99110372,482,148.19,2025-04-04
74176740,482,72.53,2025-03-23
62194203,482,197.87,2024-12-22
38474253,482,64.23,2025-01-07
83503017,483,166.19,2024-06-21
2027865,483,180.42,2023-11-13
79561602,483,157.59,2023-11-05
52995579,484,129.63,2024-07-14
43479185,484,75.68,2024-03-08
36139288,484,32.07,2023-12-23
32939126,484,199.99,2025-04-07
12131314,484,149.26,2024-02-08
90294784,484,33.12,2024-12-29
42569212,485,97.54,2024-07-27
44651122,485,155.91,2024-11-24
50034973,485,171.41,2024-08-18
35115229,485,126.54,2024-09-10
118069,485,192.66,2024-06-06
29473302,485,120.33,2024-07-19
94954777,485,125.28,2024-07-05
22232869,485,172.56,2024-07-23
72069556,485,128.54,2025-03-19
10847902,486,154.1,2025-01-07
41701403,486,18.28,2024-06-22
6601598,486,37.37,2024-07-15
31972178,486,24.18,2025-02-06
23622497,486,99.13,2024-09-04
7814752,486,80.88,2024-05-21
27354969,487,131.64,2025-03-23
74196118,487,63.05,2025-04-06
65652638,488,76.43,2025-03-29
6224563,488,16.45,2024-11-15
98050361,488,185.9,2024-12-03
62783968,488,101.49,2024-10-19
27626114,488,188.1,2025-02-19
79194991,488,168.55,2025-02-27
21399929,489,165.64,2025-04-02
8822912,489,96.19,2025-03-25
74767948,489,131.7,2025-03-24
1943068,490,118.4,2025-03-06
85096087,490,78.9,2024-05-01
77465638,491,69.72,2025-02-25
88093873,491,153.79,2025-03-13
58705609,491,81.03,2025-02-22
1654124,491,175.38,2025-03-11
30509046,492,35.45,2024-04-04
65897119,492,115.17,2025-04-01
32288818,492,11.2,2024-02-13
89841835,493,183.6,2025-02-10
23945472,493,113.84,2025-04-13
80480878,494,154.6,2024-08-24
6940557,494,26.41,2024-07-02
97590388,494,166.16,2024-08-19
46304534,494,51.17,2025-02-26
44790444,494,18.78,2025-01-28
90623639,494,76.5,2024-11-14
3821956,494,47.56,2024-07-05
1270252,495,88.02,2024-05-05
21966017,495,184.46,2024-06-07
51138595,495,36.22,2023-12-15
660575,495,95.87,2024-06-02
16049835,495,42.04,2024-07-12
70823284,495,196.34,2023-10-18
2194125,495,63.51,2023-08-12
35316258,495,36.41,2023-08-04
23148290,495,167.49,2024-06-22
44230230,495,148.28,2023-11-19
18556124,496,187.18,2025-02-12
30599920,496,99.56,2024-11-07
34912274,496,160.48,2025-02-01
25368248,496,18.09,2025-02-06
81656601,496,49.16,2025-03-11
73073121,496,19.93,2024-10-10
51998589,496,18.64,2024-09-28
33913299,496,99.85,2025-03-08
57786348,496,58.29,2024-09-25
41206918,496,164.49,2025-03-18
9658110,497,177.66,2024-10-12
39586313,498,94.07,2024-10-17
15830212,498,67.63,2024-09-20
33233346,498,29.41,2025-03-26
62790778,498,83.24,2025-02-20
4442674,498,125.22,2025-04-04
77789831,498,157.26,2025-01-05
38506909,498,27.56,2024-12-15
93566811,499,131.08,2025-03-06
13714587,499,66.05,2025-04-07
92766089,499,15.8,2025-02-23
58755673,499,77.35,2025-03-03
94836023,499,92.08,2025-02-20
51740302,499,100.85,2025-04-04
22334112,500,111.83,2024-11-01
52567560,500,99.23,2025-02-25
25399951,500,198.45,2024-10-21
56595275,500,170.22,2024-12-17
1226565,500,81.12,2024-02-18
